Date;Price;Open;High;Low;Vol.;Change;Vol
Dec172022;16678.9;16629;16764;16587;220.78;0.003;220780
Dec162022;16629.6;17356.7;17518.5;16542.4;303.56;-0.0419;303560
Dec152022;17356.1;17796.4;17846.1;17298.2;263.44;-0.0247;263440
Dec142022;17796.4;17778.6;18351.8;17682.1;318.98;0.001;318980
Dec132022;17778.6;17210.9;17951.6;17094.5;328.71;0.033;328710
Dec122022;17210.4;17093.2;17232.5;16878.5;249.39;0.0068;249390
Dec112022;17093.3;17127;17262.9;17080.6;167.2;-0.002;167200
Dec102022;17127.2;17125.7;17220.5;17105.7;148.81;0.0001;148810
Dec092022;17125.7;17225.6;17288.6;17082.1;260.84;-0.0058;260840
Dec082022;17225.7;16835.2;17294.2;16765.8;261.64;0.0232;261640
Dec072022;16835.2;17089.4;17126.7;16715.3;244.36;-0.0149;244360
Dec062022;17089.3;16966.3;17101.1;16914.9;246.19;0.0072;246190
Dec052022;16966.5;17106.9;17395.2;16886.9;268.72;-0.0085;268720
Dec042022;17112.6;16884.8;17198.1;16881.6;197.12;0.0135;197120
Dec032022;16884.5;17093.4;17132.6;16862.1;169.29;-0.0122;169290
Dec022022;17093.6;16972.2;17096.2;16799.9;227.01;0.0072;227010
Dec012022;16972;17163.4;17244.7;16868.9;266.14;-0.0112;266140
Nov302022;17163.9;16440.8;17215.5;16433.2;348.22;0.044;348220
Nov292022;16440.4;16211.9;16531.4;16100.1;271.58;0.0141;271580
Nov282022;16211.7;16426.1;16481.4;16013.5;284.84;-0.013;284840
Nov272022;16425.6;16456.4;16595.4;16414.6;173.25;-0.0019;173250
Nov262022;16456.5;16512.3;16686.3;16387.9;194.94;-0.0034;194940
Nov252022;16512.3;16600.6;16611.8;16360.9;204.07;-0.0054;204070
Nov242022;16601.2;16604.9;16785.6;16472;229.59;-0.0014;229590
Nov232022;16623.9;16216.9;16677.6;16162.3;305.08;0.0253;305080
Nov222022;16212.9;15776.6;16274.6;15620.4;287.21;0.0277;287210
Nov212022;15776.2;16278.6;16287.9;15504.2;372.15;-0.0313;372150
Nov202022;16286.7;16699.3;16749.3;16209.2;172.83;-0.0247;172830
Nov192022;16699.2;16652.2;16814.9;16608.9;114.89;0.0037;114890
Nov182022;16638.3;16715.4;16846.3;16553;241.96;-0.0032;241960
Nov172022;16691.2;16540.5;16739.7;16425.8;257;0.0091;257000
Nov162022;16540.5;16895.4;16993.4;16408.2;295.73;-0.021;295730
Nov152022;16895.1;16615;17112;16543.9;337.15;0.0169;337150
Nov142022;16613.7;16325;17158.4;15834;442.46;0.0177;442460
Nov132022;16324.5;16803.9;16946.5;16274.9;210.8;-0.028;210800
Nov122022;16795.2;17049.9;17100.8;16633.9;192.91;-0.0149;192910
Nov112022;17049.9;17589.1;17679.4;16435.5;466.35;-0.0307;466350
Nov102022;17589.1;15887;18138.2;15799.3;720.74;0.1071;720740
Nov092022;15886.9;18538.9;18583.8;15603.3;869.57;-0.1425;869570
Nov082022;18527.4;20589;20667.5;17260;865.1;-0.1001;865100
Nov072022;20589;20916.3;21055.4;20410.5;414.24;-0.0156;414240
Nov062022;20916.3;21298.7;21360.4;20901;242.26;-0.0181;242260
Nov052022;21301.6;21145.7;21464.7;21084.1;261.23;0.0074;261230
Nov042022;21145.9;20206.4;21281.9;20184.6;499.5;0.0465;499500
Nov032022;20206.4;20154;20384.5;20066.6;347.23;0.0026;347230
Nov022022;20154.4;20482.9;20778.3;20065.8;420.23;-0.0161;420230
Nov012022;20483.5;20496.1;20676.6;20348.1;302.72;-0.0006;302720
Oct312022;20496.3;20626;20822.4;20260;327.47;-0.0063;327470
Oct302022;20626.3;20809.4;20922.3;20522.5;207.63;-0.0088;207630
Oct292022;20809.8;20594.2;21038.1;20561.9;276.54;0.0105;276540
Oct282022;20594.4;20293;20744;20058.2;318.9;0.0149;318900
Oct272022;20292.9;20769.5;20867.9;20231.6;365.49;-0.0229;365490
Oct262022;20769.5;20086.8;20981.5;20062.9;427.99;0.0342;427990
Oct252022;20082.7;19331.8;20406.9;19249;371.54;0.0389;371540
Oct242022;19331.5;19571.2;19588.6;19177.2;286.94;-0.0122;286940
Oct232022;19571.2;19204.8;19680.9;19092.5;180.63;0.0191;180630
Oct222022;19204.8;19162.6;19249.9;19116.1;118.24;0.0022;118240
Oct212022;19162.6;19042.9;19245.5;18703.3;294.66;0.0063;294660
Oct202022;19042.9;19125.1;19334.5;18935.6;253.2;-0.0042;253200
Oct192022;19123.9;19328.2;19358.6;19101.2;209.28;-0.0106;209280
Oct182022;19328.2;19548.4;19692.9;19102.8;290.07;-0.0113;290070
Oct172022;19548.2;19262.2;19663.5;19163.6;248.4;0.0149;248400
Oct162022;19261.9;19068.8;19411.9;19066;140.95;0.0101;140950
Oct152022;19068.7;19181.7;19218.7;19000.8;123.66;-0.0059;123660
Oct142022;19181.8;19379.8;19933.9;19098.6;400.45;-0.0102;400450
Oct132022;19379.8;19154.6;19494.4;18207.9;455.13;0.0117;455130
Oct122022;19154.8;19058.5;19212.6;19010.6;242.18;0.005;242180
Oct112022;19059.1;19134.3;19261.3;18868.7;288.57;-0.0039;288570
Oct102022;19134.6;19441.7;19520.7;19057;243.77;-0.0158;243770
Oct092022;19441;19416.3;19552.1;19329.6;127.53;0.0013;127530
Oct082022;19415;19530.2;19612.2;19274.7;113.5;-0.006;113500
Oct072022;19531.3;19962.4;20051.4;19352.1;263.5;-0.0213;263500
Oct062022;19956.7;20157.5;20436.7;19873.7;370.6;-0.01;370600
Oct052022;20157.5;20340.5;20353.8;19761.7;352.76;-0.009;352760
Oct042022;20340.2;19629.7;20436.1;19506.4;368.17;0.0363;368170
Oct032022;19628.3;19057.6;19676;19001.3;333.03;0.0302;333030
Oct022022;19052.2;19311.9;19389.9;18937.3;222.82;-0.0134;222820
Oct012022;19311.9;19422.9;19480.3;19172.6;173.91;-0.0057;173910
Sep302022;19423;19593.4;20174.9;19208.9;490.29;-0.0087;490290
Sep292022;19593;19420.2;19631.5;18877.9;449.57;0.0094;449570
Sep282022;19411;19083.4;19757.8;18505.3;581.19;0.0173;581190
Sep272022;19081;19228.8;20361.2;18850.4;660.12;-0.0075;660120
Sep262022;19225.7;18803.1;19304.8;18695.2;516.03;0.0225;516030
Sep252022;18803.2;18925.1;19125.1;18659.6;209.71;-0.0064;209710
Sep242022;18925.2;19288.4;19310.6;18812;258.5;-0.0191;258500
Sep232022;19293.5;19404.1;19477.3;18554.8;431.15;-0.0057;431150
Sep222022;19404;18488.1;19490.9;18371;448.63;0.0495;448630
Sep212022;18489;18875.1;19758.4;18191.8;446.85;-0.0203;446850
Sep202022;18872.4;19538.9;19626.3;18742.6;361.18;-0.0341;361180
Sep192022;19538.9;19417.4;19666.6;18277.8;423.43;0.0062;423430
Sep182022;19418.8;20113.9;20113.9;19347.7;273.11;-0.0345;273110
Sep172022;20113.5;19802.8;20178.6;19761;204.58;0.0157;204580
Sep162022;19802.4;19701.9;19883;19352.9;315.59;0.0051;315590
Sep152022;19701.7;20222.3;20321.4;19532.3;358.42;-0.0258;358420
Sep142022;20222.5;20175.5;20503.7;19654.2;374.22;0.0023;374220
Sep132022;20175.5;22395.3;22702.5;19909.6;485.32;-0.0991;485320
Sep122022;22395.3;21836.6;22465.4;21581.6;431.98;0.0257;431980
Sep112022;21834.9;21650.4;21836.4;21363;297.12;0.0085;297120
Sep102022;21650.4;21363.8;21790.6;21139.9;331.12;0.0133;331120
Sep092022;21365.2;19318.8;21545.7;19294.1;480.37;0.106;480370
Sep082022;19317.4;19281.5;19444.7;19034.5;291.43;0.0019;291430
Sep072022;19281.5;18786.3;19445.9;18548.4;319.1;0.0264;319100
Sep062022;18786.4;19793.4;20169.3;18723.3;402.43;-0.0509;402430
Sep052022;19793.1;19999.9;20042.9;19650.7;238.71;-0.0103;238710
Sep042022;19999.9;19832.2;20017.8;19594.7;158.27;0.0085;158270
Sep032022;19831.4;19952.8;20043.8;19660.7;157.85;-0.0061;157850
Sep022022;19952.7;20131.6;20428.2;19764.7;272.22;-0.0086;272220
Sep012022;20126.1;20049.9;20202.7;19584.4;275.08;0.0041;275080
Aug312022;20043.9;19793.4;20469.1;19793.4;318.17;0.0127;318170
Aug302022;19792.6;20295.6;20558.2;19559.7;308.41;-0.0248;308410
Aug292022;20295.8;19551.3;20394.5;19551.2;248.04;0.0381;248040
Aug282022;19550.2;20034.2;20150.8;19542.9;159.6;-0.0241;159600
Aug272022;20033.9;20249.9;20343.6;19849.8;187.34;-0.0107;187340
Aug262022;20249.9;21564.2;21815.3;20122.4;322.16;-0.061;322160
Aug252022;21565.4;21365.4;21801.2;21324.8;190.15;0.0094;190150
Aug242022;21365.2;21516.2;21832.3;21171.1;202.4;-0.0071;202400
Aug232022;21517.2;21416.5;21661;20919.6;228.65;0.0047;228650
Aug222022;21416.3;21516.8;21517.4;20912.1;251.83;-0.0047;251830
Aug212022;21517.2;21138.9;21692.4;21077.4;177.52;0.0179;177520
Aug202022;21138.9;20830.7;21357.4;20784.8;206.94;0.0148;206940
Aug192022;20831.3;23201.6;23202.3;20807.8;339.47;-0.1022;339470
Aug182022;23203.6;23337.7;23578;23131.3;160.97;-0.0058;160970
Aug172022;23338;23855.8;24423.5;23191.6;239.53;-0.0217;239530
Aug162022;23856.8;24102.6;24240.8;23693.8;201.7;-0.0102;201700
Aug152022;24101.7;24303.3;25205.7;23784.5;279.28;-0.0083;279280
Aug142022;24302.8;24442.1;24997.3;24172.2;177.25;-0.0057;177250
Aug132022;24442.5;24398.9;24882.9;24318.7;170.59;0.0018;170590
Aug122022;24398.7;23935.3;24440.8;23616.4;194.96;0.0194;194960
Aug112022;23935.3;23963.3;24873.5;23864;285.36;-0.0012;285360
Aug102022;23962.9;23150.3;24209.9;22714.7;243.61;0.0353;243610
Aug092022;23146.7;23818.1;23912;22886.5;169.62;-0.0281;169620
Aug082022;23816.3;23175.3;24234.1;23160.6;197.94;0.0277;197940
Aug072022;23175.3;22944.2;23387.7;22852.3;99.36;0.0101;99360
Aug062022;22944.2;23308.2;23344.4;22923.6;94.44;-0.0156;94440
Aug052022;23308.2;22613.3;23447.6;22593.5;208.9;0.0308;208900
Aug042022;22612.1;22822.2;23214.5;22438.7;181.19;-0.0091;181190
Aug032022;22820.8;22988.7;23623.7;22698.6;174.66;-0.0073;174660
Aug022022;22988.6;23271.1;23423.3;22670.8;177.3;-0.0121;177300
Aug012022;23271.2;23303.4;23484.4;22863.8;162.33;-0.0014;162330
Jul312022;23303.4;23634.2;24179.3;23236.2;138.84;-0.014;138840
Jul302022;23634.2;23774.2;24605.3;23521.8;168.72;-0.0059;168720
Jul292022;23774.3;23850.2;24340;23451.4;221.66;-0.0032;221660
Jul282022;23850;22957.7;24190.5;22611.6;268.32;0.0388;268320
Jul272022;22958.3;21248;23027.8;21047.5;242.66;0.0805;242660
Jul262022;21248.7;21301.6;21322.3;20737.3;201.57;-0.0025;201570
Jul252022;21301.9;22582.3;22653.3;21275.4;206.93;-0.0567;206930
Jul242022;22582.1;22449.8;22987.9;22281.3;126.66;0.0054;126660
Jul232022;22460.4;22683.6;22991;21971.7;137.42;-0.0095;137420
Jul222022;22675.2;23150;23741.4;22524.2;197.54;-0.0206;197540
Jul212022;23153;23219.9;23403.8;22360.2;217.08;-0.0027;217080
Jul202022;23215.2;23412;24258;22944.4;281.31;-0.0083;281310
Jul192022;23410.2;22529.3;23757.3;21581.8;308.91;0.0393;308910
Jul182022;22525.8;20785.6;22714.9;20770.6;279.72;0.0837;279720
Jul172022;20785.6;21209.8;21654.4;20755.2;132.81;-0.02;132810
Jul162022;21209.9;20825.2;21561.3;20484.4;136.89;0.0185;136890
Jul152022;20825.1;20586.1;21178.1;20393.4;164.67;0.0116;164670
Jul142022;20586;20250;20862.2;19664.9;205.28;0.0166;205280
Jul132022;20250;19331.6;20250.8;18942.2;249.38;0.0475;249380
Jul122022;19330.9;19963.2;20051.7;19279.6;167.91;-0.0317;167910
Jul112022;19963.2;20847.2;20855;19897;160.2;-0.0424;160200
Jul102022;20847.4;21587.4;21599.2;20689.7;204.68;-0.0343;204680
Jul092022;21587.5;21610.4;21944.1;21338.4;190.11;-0.0011;190110
Jul082022;21611.2;21637.1;22482.1;21207;439.9;-0.0012;439900
Jul072022;21637.8;20557.9;21817.8;20282.7;115.81;0.0524;115810
Jul062022;20561.1;20180.4;20654.9;19785.3;105.24;0.0178;105240
Jul052022;20200.6;20215.8;20706.9;19315.4;122.43;-0.0008;122430
Jul042022;20215.8;19310.6;20303.8;19052.5;92.79;0.0469;92790
Jul032022;19309.9;19243.4;19626.4;18794.4;65.27;0.0035;65270
Jul022022;19243.2;19275.4;19425.4;19006.4;58.57;-0.001;58570
Jul012022;19262.9;19926.6;20785.6;18980.1;150.18;-0.0333;150180
Jun302022;19926.6;20111.3;20155.1;18682.7;127.73;-0.0092;127730
Jun292022;20111.3;20278;20415.8;19880.7;98.97;-0.0082;98970
Jun282022;20278;20727.9;21200.2;20210.5;83.83;-0.0218;83830
Jun272022;20730.2;21037.7;21497.5;20568;84.69;-0.0149;84690
Jun262022;21043.5;21489.9;21837.4;20989.7;67.21;-0.0208;67210
Jun252022;21489.9;21226.9;21553.4;20917.5;66.63;0.0124;66630
Jun242022;21226.9;21100.9;21488.7;20743.9;104.56;0.006;104560
Jun232022;21100.7;19967.3;21189.8;19907.5;110.7;0.0568;110700
Jun222022;19965.8;20720.2;20864.3;19780.2;125.94;-0.0364;125940
Jun212022;20720.4;20571.6;21689.3;20371.7;136.32;0.0072;136320
Jun202022;20572.3;20576.9;20996.8;19658.8;140.6;-0.0002;140600
Jun192022;20577.2;18983.4;20763.5;17983.7;169.39;0.0838;169390
Jun182022;18986.5;20446.4;20744.7;17630.5;267.25;-0.0713;267250
Jun172022;20444.6;20391.3;21315.4;20244.1;136.27;0.0028;136270
Jun162022;20386.6;22577.9;22942.1;20231.1;144;-0.0971;144000
Jun152022;22577.9;22137.5;22754.4;20125.8;280.41;0.019;280410
Jun142022;22157.3;22449.1;23200.3;20860.9;251.01;-0.0129;251010
Jun132022;22448;26606.3;26857.6;22006.3;379.26;-0.1563;379260
Jun122022;26606.3;28404;28534.8;26606.3;120.02;-0.0633;120020
Jun112022;28403.4;29083.3;29426.6;28161.8;82.92;-0.0234;82920
Jun102022;29083.3;30097.4;30325.6;28884.9;104.26;-0.0337;104260
Jun092022;30097.8;30202.1;30691.4;29953.8;61.72;-0.0034;61720
Jun082022;30201.6;31127.2;31312.1;29874.8;87.96;-0.0298;87960
Jun072022;31128.8;31370.3;31556.6;29235;140.32;-0.0076;140320
Jun062022;31367.6;29911.2;31753.4;29888.6;94.01;0.0486;94010
Jun052022;29913;29865.1;30166.9;29539;30.33;0.0016;30330
Jun042022;29864.3;29700.9;29963.8;29489.5;33.51;0.0055;33510
Jun032022;29700.9;30455.7;30674.8;29330.8;72.13;-0.0248;72130
Jun022022;30455.5;29798.6;30638.5;29604.4;81.4;0.022;81400
Jun012022;29798.5;31793.1;31969.9;29396.6;135.09;-0.0627;135090
May312022;31793.4;31730.2;32377.5;31221.2;86.6;0.0022;86600
May302022;31723.3;29465.2;32185.6;29307.2;129.56;0.0766;129560
May292022;29465.2;29027.1;29556.5;28838.7;36.87;0.0151;36870
May282022;29027.1;28620.1;29194.4;28537.2;43.87;0.0149;43870
May272022;28601.2;29194;29377.1;28282.2;116.41;-0.0206;116410
May262022;29203.5;29537.9;29868.9;28077.9;126.71;-0.0114;126710
May252022;29540.6;29648.7;30202.3;29353.5;78.85;-0.0036;78850
May242022;29648.7;29091.6;29810.8;28706.1;79.42;0.0191;79420
May232022;29093.3;30287.3;30644.8;28913.6;92.1;-0.0394;92100
May222022;30286.6;29433;30462;29260.1;50.6;0.0289;50600
May212022;29434.6;29188.7;29623.2;28953.9;32.27;0.0088;32270
May202022;29178.6;30305.9;30735.1;28738.5;98.78;-0.0372;98780
May192022;30305.9;28700.4;30525.1;28682.1;101.38;0.0566;101380
May182022;28683.7;30437.5;30687.9;28648.1;92.03;-0.0576;92030
May172022;30437.5;29856.7;30720.1;29484.5;79.63;0.0197;79630
May162022;29849;31308.3;31312.4;29135.8;100.25;-0.0466;100250
May152022;31308.7;30078.6;31383.8;29499.4;65.44;0.0408;65440
May142022;30080.4;29285.2;30277.4;28666.7;70.46;0.0272;70460
May132022;29284.4;28994.3;31002.7;28755;141.23;0.0106;141230
May122022;28976;29073.4;30136.7;26500.5;309.48;-0.0032;309480
May112022;29068.2;31008;32113.6;27835.5;296.9;-0.0625;296900
May102022;31007.5;30098.2;32621.2;29831;235.61;0.0303;235610
May092022;30095;34041;34227;30095;268.09;-0.1164;268090
May082022;34060;35468;35497;33727;671.05;-0.0397;671050000
May072022;35468;36003;36119;34773;288.86;-0.015;288860000
May062022;36009;36540;36646;35267;752.84;-0.0146;752840000
May052022;36544;39686;39833;36183;1.04;-0.0792;1040000000
May042022;39688;37717;40021;37660;691.49;0.0522;691490000
May032022;37718;38515;38647;37513;367.21;-0.0207;367210000
May022022;38514;38472;39134;38061;580.79;0.0014;580790000
May012022;38461;37642;38676;37397;276.99;0.0215;276990000
Apr302022;37650;38590;38776;37596;248.22;-0.0241;248220000
Apr292022;38581;39748;39919;38175;382.9;-0.0294;382900000
Apr282022;39748;39243;40382;38888;542.39;0.0129;542390000
Apr272022;39243;38113;39447;37869;426.83;0.0296;426830000
Apr262022;38113;40443;40770;37708;681.47;-0.0572;681470000
Apr252022;40427;39464;40599;38233;654.6;0.0244;654600000
Apr242022;39464;39434;39929;39033;283.63;0.0012;283630000
Apr232022;39418;39709;39973;39291;190.6;-0.0073;190600000
Apr222022;39709;40487;40792;39200;421.3;-0.0191;421300000
Apr212022;40482;41370;42969;39793;493.05;-0.0214;493050000
Apr202022;41368;41499;42203;40915;382.84;-0.0033;382840000
Apr192022;41503;40809;41746;40585;268.28;0.0172;268280000
Apr182022;40803;39700;41095;38577;484.26;0.0277;484260000
Apr172022;39703;40382;40599;39561;210.01;-0.0168;210010000
Apr162022;40382;40571;40691;40003;151.31;-0.0044;151310000
Apr152022;40560;39936;40850;39781;233.09;0.0156;233090000
Apr142022;39936;41133;41494;39585;294.29;-0.0291;294290000
Apr132022;41133;40072;41515;39581;406.7;0.0263;406700000
Apr122022;40078;39507;40678;39265;468.27;0.0147;468270000
Apr112022;39497;42144;42418;39202;608.38;-0.0627;608380000
Apr102022;42138;42760;43421;41884;255.83;-0.0147;255830000
Apr092022;42767;42275;42809;42129;165.16;0.0116;165160000
Apr082022;42275;43450;43979;42113;467.83;-0.027;467830000
Apr072022;43448;43166;43893;42747;390.85;0.0064;390850000
Apr062022;43173;45494;45519;43122;649.52;-0.0513;649520000
Apr052022;45506;46614;47201;45388;421.11;-0.0241;421110000
Apr042022;46629;46407;46899;45152;446.12;0.0048;446120000
Apr032022;46407;45813;47435;45554;398.86;0.013;398860000
Apr022022;45811;46299;47212;45641;345.93;-0.0105;345930000
Apr012022;46297;45529;46728;44261;632.93;0.017;632930000
Mar312022;45525;47071;47624;45228;520;-0.0329;520000000
Mar302022;47075;47449;47714;46601;467.76;-0.0079;467760000
Mar292022;47449;47126;48127;47029;478.82;0.0073;478820000
Mar282022;47105;46859;48199;46672;610.27;0.0052;610270000
Mar272022;46859;44542;46947;44445;388.79;0.0519;388790000
Mar262022;44548;44331;44818;44090;196.3;0.0049;196300000
Mar252022;44331;44013;45112;43622;494.09;0.0072;494090000
Mar242022;44013;42911;44251;42658;491.66;0.0257;491660000
Mar232022;42912;42373;43027;41795;433.96;0.0127;433960000
Mar222022;42373;41022;43327.9;40893;537.06;0.0329;537060000
Mar212022;41022;41282;41532;40530;406.62;-0.0062;406620000
Mar202022;41276;42241;42301;40922;308.45;-0.0227;308450000
Mar192022;42233;41768;42386;41529.6;224.59;0.0111;224590000
Mar182022;41767.8;40914.6;42308.4;40234.8;2.31;0.0208;2310000000
Mar172022;40914.8;41118.7;41406;40557.8;1.9;-0.005;1900000000
Mar162022;41118.7;39282.5;41701.6;38953.2;4.47;0.0467;4470000000
Mar152022;39285.7;39673;39854.7;38220.9;2.25;-0.0097;2250000000
Mar142022;39671.1;37789.5;39914.3;37613.6;2.33;0.0497;2330000000
Mar132022;37792.4;38813.2;39272.3;37603.4;1.55;-0.0263;1550000000
Mar122022;38814.3;38730.2;39355.3;38666.5;1.11;0.0022;1110000000
Mar112022;38730.2;39422.5;40177;38236.4;2.79;-0.0174;2790000000
Mar102022;39416.3;41933.9;42029.1;38603.5;3.62;-0.0599;3620000000
Mar092022;41929;38731.5;42538.5;38663.3;3.6;0.0822;3600000000
Mar082022;38744.8;38020.6;39351.5;37886.6;2.67;0.0189;2670000000
Mar072022;38024.8;38420.6;39532;37182.1;3.02;-0.0099;3020000000
Mar062022;38403.1;39396.3;39668.1;38115;1.93;-0.0252;1930000000
Mar052022;39395.8;39142.8;39600.2;38626.1;1.5;0.0065;1500000000
Mar042022;39142.7;42463;42848.7;38594.9;3.21;-0.0782;3210000000
Mar032022;42463;43912.8;44077.2;41840.8;74.11;-0.033;74110
Mar022022;43912.8;44420.3;45294.2;43361.3;80.82;-0.0114;80820
Mar012022;44420.3;43187.2;44900.5;42876.6;90.67;0.0285;90670
Feb282022;43188.2;37707.2;43977.8;37458.9;108.07;0.1459;108070
Feb272022;37689.1;39116.6;39838.5;37062.3;66.14;-0.0365;66140
Feb262022;39115.5;39221.6;40094.5;38639.1;41.55;-0.0024;41550
Feb252022;39209.6;38339.2;39683.7;38042.6;83.78;0.0227;83780
Feb242022;38339.2;37250.2;39351.6;34357.4;180.47;0.0299;180470
Feb232022;37224.6;38248.2;39194.5;37099.5;64.84;-0.0268;64840
Feb222022;38248.2;37018.3;38414.9;36399.6;82.75;0.0332;82750
Feb212022;37017.7;38355;39444.1;36868.9;91.82;-0.0349;91820
Feb202022;38355;40089.6;40120.3;38042.2;47.92;-0.0433;47920
Feb192022;40090.3;40000.1;40434.3;39666.6;25.78;0.0023;25780
Feb182022;40000.1;40532.5;40935.5;39505;64.96;-0.0136;64960
Feb172022;40552.8;43885.5;44167.1;40103.8;72.63;-0.0759;72630
Feb162022;43883.6;44540.9;44552.9;43377.6;41.4;-0.0148;41400
Feb152022;44544.4;42550.3;44722.6;42460.1;56.34;0.0469;56340
Feb142022;42550.3;42061.1;42799.7;41591.3;53.6;0.0116;53600
Feb132022;42061.1;42205.5;42725.1;41880.1;25.88;-0.0034;25880
Feb122022;42205.2;42388.4;43006.4;41776.8;37.88;-0.0043;37880
Feb112022;42388.4;43519.3;43915.1;42023.4;69.95;-0.026;69950
Feb102022;43521;44388.9;45755.2;43242.5;89.69;-0.0196;89690
Feb092022;44388.9;44038.2;44800.4;43163;50.92;0.008;50920
Feb082022;44038.2;43833.9;45399.8;42705;92.88;0.0047;92880
Feb072022;43833.9;42385.2;44468.3;41695.4;76.6;0.034;76600
Feb062022;42392.2;41411.9;42614.8;41176.3;31.2;0.0237;31200
Feb052022;41412.1;41566.5;41899.8;40963.3;46.32;-0.0037;46320
Feb042022;41567.6;37287.8;41689;37041.1;95.49;0.1148;95490
Feb032022;37287.8;36890.2;37304.3;36297.3;50.35;0.0108;50350
Feb022022;36890.2;38711.2;38853.8;36682.3;53.74;-0.047;53740
Feb012022;38709.7;38475.6;39230;38037.9;55.2;0.0055;55200
Jan312022;38498.6;37923.8;38701.4;36672.8;61.27;0.0153;61270
Jan302022;37917.7;38167.5;38313.3;37390.6;34.1;-0.0066;34100
Jan292022;38170.8;37736.5;38663.7;37350.2;42.77;0.0113;42770
Jan282022;37745.1;37195.6;37995.9;36176.5;69.45;0.0156;69450
Jan272022;37164.3;36800.1;37215.4;35543.2;83.52;0.0099;83520
Jan262022;36800.4;36962.3;38862.6;36280;107.87;-0.0041;107870
Jan252022;36950.6;36691.3;37501.8;35729.3;79.68;0.0072;79680
Jan242022;36686.3;36268.6;37424;32985.6;153.77;0.0115;153770
Jan232022;36269.5;35072.9;36513;34655.2;70.43;0.034;70430
Jan222022;35075.2;36467.7;36749.8;34116;138.09;-0.0384;138090
Jan212022;36475.5;40698.1;41104.6;35503.9;155.8;-0.1041;155800
Jan202022;40715.9;41683.6;43487.1;40568.3;65.28;-0.0231;65280
Jan192022;41677.8;42365.3;42558;41160.9;53.77;-0.0162;53770
Jan182022;42364.6;42209.9;42674.2;41300.7;47.32;0.0037;47320
Jan172022;42209.3;43080.5;43179.6;41559.4;41.44;-0.0202;41440
Jan162022;43079.1;43079.2;43462;42643.3;28.66;-0.0004;28660
Jan152022;43097;43073.6;43777.9;42586.1;31.44;0.0006;31440
Jan142022;43073.3;42562.2;43435.1;41848.7;50.5;0.0121;50500
Jan132022;42560;43900;44404.7;42337.5;53.42;-0.0305;53420
Jan122022;43901;42735;44243.6;42476.7;53.95;0.0273;53950
Jan112022;42733.2;41829.1;43090.2;41287.6;61.78;0.0215;61780
Jan102022;41832.2;41848.9;42243.8;39697;85.5;-0.0004;85500
Jan092022;41848.3;41681.2;42764.4;41260.9;37.51;0.0042;37510
Jan082022;41672;41551.3;42304.4;40574.3;52.54;0.003;52540
Jan072022;41546.7;43097.9;43127.7;40810;88.36;-0.036;88360
Jan062022;43097.5;43431.6;43772.3;42481.1;63.08;-0.0076;63080
Jan052022;43425.9;45833.1;47019.4;42535.1;83.74;-0.0526;83740
Jan042022;45837.3;46435.7;47505.4;45602.1;55.59;-0.0128;55590
Jan032022;46430.2;47293.9;47556;45704;41.06;-0.0186;41060
Jan022022;47311.8;47738.7;47944.9;46718.2;27.02;-0.0089;27020
Jan012022;47738;46217.5;47917.6;46217.5;31.24;0.0329;31240
Dec312021;46219.5;47123.3;48553.9;45693.6;58.18;-0.0192;58180
Dec302021;47123.3;46470.7;47901.4;46003;60.96;0.0142;60960
Dec292021;46461.7;47548.4;48121.7;46127.8;63.92;-0.0228;63920
Dec282021;47545.2;50703.4;50703.8;47345.7;74.39;-0.0618;74390
Dec272021;50678.2;50783.6;52016.3;50459;43.9;-0.002;43900
Dec262021;50779.9;50404;51247;49527;32.34;0.0074;32340
Dec252021;50406.4;50789.6;51140.2;50196.8;26.67;-0.0075;26670
Dec242021;50786.1;50807.4;51795.3;50428.4;45.97;-0.0003;45970
Dec232021;50801;48599.6;51355.6;48053.4;56.24;0.0453;56240
Dec222021;48599.7;48898.7;49540.3;48449.7;40.89;-0.0062;40890
Dec212021;48902;46900.1;49306.1;46654;57.88;0.0428;57880
Dec202021;46895.2;46703.4;47488.9;45577.3;57.53;0.0041;57530
Dec192021;46704.5;46855.7;48270.2;46438.4;44.05;-0.0032;44050
Dec182021;46856.2;46171.8;47330.2;45513.4;36.93;0.0148;36930
Dec172021;46172.2;47630.4;47997.2;45523.8;67.5;-0.0306;67500
Dec162021;47628.2;48876.6;49387.8;47543.9;48.2;-0.0254;48200
Dec152021;48871.5;48366.2;49477.9;46572.6;80.28;0.0104;80280
Dec142021;48366.5;46709.8;48635;46338.3;62.54;0.0356;62540
Dec132021;46703.6;50075.9;50196.1;45848.2;80.37;-0.0674;80370
Dec122021;50081;49332.5;50779.2;48670.5;40.3;0.0155;40300
Dec112021;49314.5;47138.4;49487;46834;45.23;0.0462;45230
Dec102021;47137.2;47591.7;49974.8;47007.1;68.06;-0.0097;68060
Dec092021;47596.6;50477.6;50790.2;47341.9;58.69;-0.057;58690
Dec082021;50473.9;50596.6;51204.7;48700.7;55.59;-0.0024;55590
Dec072021;50595.2;50547.4;51918.6;50070.9;56.29;0.0007;56290
Dec062021;50562.1;49412.1;50913.3;47237.9;89.68;0.0234;89680
Dec052021;49405.5;49196.4;49689.3;47797.8;72.03;0.0043;72030
Dec042021;49195.2;53620.7;53847.2;42587.8;168;-0.0827;168000
Dec032021;53631.5;56495.2;57543.6;52008.9;89.2;-0.0507;89200
Dec022021;56496;57207.8;57377.5;55807.9;54.94;-0.0125;54940
Dec012021;57210.3;56891.7;59064.3;56496.5;66.75;0.0058;66750
Nov302021;56882.9;57795.2;59174.4;55936.9;73.66;-0.0158;73660
Nov292021;57794.8;57288.1;58855.2;56726.7;58.65;0.0088;58650
Nov282021;57291.5;54758;57392.3;53448.3;49.28;0.0461;49280
Nov272021;54765.9;53747.2;55280.3;53654.3;40.71;0.0193;40710
Nov262021;53730.9;58937.3;59151.1;53533.5;104.03;-0.0883;104030
Nov252021;58935.1;57167.1;59387.3;57029.8;56.79;0.0308;56790
Nov242021;57171.7;57559.4;57697.4;55910.6;56.68;-0.007;56680
Nov232021;57573.2;56304.8;57855.1;55542.5;72.48;0.0225;72480
Nov222021;56308.8;58719.7;59288.3;55656.8;76.45;-0.041;76450
Nov212021;58714.3;59724;60002.6;58528.3;40.98;-0.0168;40980
Nov202021;59717.6;58080.8;59854.6;57435.3;44.53;0.0281;44530
Nov192021;58083.4;56908.3;58335.9;55626.3;74.44;0.0198;74440
Nov182021;56955.3;60368.2;60936.9;56524.4;100.37;-0.0565;100370
Nov172021;60367.8;60074.2;60814.5;58531.9;73.93;0.0046;73930
Nov162021;60089.1;63605.1;63605.6;58655.9;115.36;-0.0552;115360
Nov152021;63597.9;65514.9;66311.2;63439.5;53.53;-0.0292;53530
Nov142021;65508.2;64397.2;65508.2;63608.3;33.98;0.0172;33980
Nov132021;64398.6;64133.3;64906;63381.4;30.34;0.0041;30340
Nov122021;64134.5;64782.6;65449.7;62309.7;63.27;-0.0104;63270
Nov112021;64806.7;64922.8;65583.3;64121.9;50.37;-0.0019;50370
Nov102021;64932.6;66942.6;68990.6;62951.3;96.21;-0.0295;96210
Nov092021;66904.4;67528.7;68493.3;66334.9;66.13;-0.0092;66130
Nov082021;67527.9;63276.4;67763.3;63276.4;81.08;0.0672;81080
Nov072021;63273.2;61483.8;63273.2;61347.2;34.34;0.0291;34340
Nov062021;61483.9;60973.2;61543.2;60093.6;34.89;0.0084;34890
Nov052021;60974.3;61411.5;62560.3;60742.4;44.46;-0.0071;44460
Nov042021;61412.6;62915.4;63077.6;60742.9;49.91;-0.0239;49910
Nov032021;62918.5;63223.5;63508.6;60883;61.05;-0.0048;61050
Nov022021;63221.7;60912.2;64256.4;60651.5;65.26;0.0379;65260
Nov012021;60915.3;61310.1;62430.1;59612.7;61.21;-0.0064;61210
Oct312021;61309.6;61842.2;62393.7;60005.7;50.06;-0.0086;50060
Oct302021;61840.1;62245;62338.5;60786;40.51;-0.0065;40510
Oct292021;62242.8;60579.9;62952.2;60322.2;63.39;0.0274;63390
Oct282021;60582.5;58437.2;62251.3;58128.1;88.47;0.0367;88470
Oct272021;58438.1;60312.5;61452.9;58112.6;88.11;-0.0311;88110
Oct262021;60310.8;63067.5;63275.1;59907.3;57.13;-0.0437;57130
Oct252021;63067;60864.3;63694.8;60655.8;51.06;0.0362;51060
Oct242021;60866.5;61308.2;61469.9;59523.7;42.67;-0.0073;42670
Oct232021;61312.5;60693.2;61728.7;59738.3;37.05;0.0103;37050
Oct222021;60690.3;62200.8;63699.7;60055.7;75.69;-0.0244;75690
Oct212021;62210.2;66004.6;66616.9;62092.1;105.38;-0.0571;105380
Oct202021;65979.1;64276.9;66967.1;63543.7;79.87;0.0265;79870
Oct192021;64278.5;62030.2;64454;61451;80.16;0.0358;80160
Oct182021;62056.3;61525.8;62623.6;60026.9;80.15;0.0086;80150
Oct172021;61527.5;60865.5;61651.4;59143.4;53.39;0.0109;53390
Oct162021;60861.1;61669.2;62329.2;60161.9;49.93;-0.0132;49930
Oct152021;61672.5;57348.2;62892.8;56874.8;121.48;0.0754;121480
Oct142021;57345.8;57370.4;58506.5;56866.8;59.84;-0.0006;59840
Oct132021;57380.1;56014.5;57697.4;54314.4;73.62;0.0244;73620
Oct122021;56015.9;57480.6;57635.7;54155.4;74.85;-0.0254;74850
Oct112021;57477.3;54686.9;57814.1;54457.8;73.84;0.051;73840
Oct102021;54687.7;54942.5;56432.2;54100.8;104.43;-0.0046;104430
Oct092021;54942.5;53924.1;55430.8;53711.7;64.65;0.0191;64650
Oct082021;53914.7;53785.5;55977.9;53659.3;64.05;0.0024;64050
Oct072021;53783.9;55325.2;55325.6;53476.4;75.68;-0.0278;75680
Oct062021;55323.2;51470;55676.1;50439.5;116.26;0.0749;116260
Oct052021;51469.3;49229.5;51872.4;49060.1;76.63;0.0455;76630
Oct042021;49227.3;48200.4;49481.7;46958.6;66.92;0.0213;66920
Oct032021;48200.1;47665.4;49165.2;47123;42.41;0.0112;42410
Oct022021;47666.9;48147.2;48306.9;47451.7;39.82;-0.01;39820
Oct012021;48146;43824.4;48435.2;43292.9;94.66;0.0986;94660
Sep302021;43823.3;41534.5;44101.2;41416.7;64.32;0.055;64320
Sep292021;41536.8;41023.1;42571.2;40815;48.21;0.0125;48210
Sep282021;41022.3;42169.9;42758.8;40906.4;60.01;-0.0273;60010
Sep272021;42172.6;43200.9;44293.2;42143.9;54.12;-0.0239;54120
Sep262021;43203.4;42685.8;43907.3;40786.6;69.91;0.0121;69910
Sep252021;42686.8;42818.7;42959.3;41714.5;46.35;-0.0031;46350
Sep242021;42819.9;44867.4;45112;40908.5;128.88;-0.0457;128880
Sep232021;44869.2;43550.7;44949.8;43090.1;74.54;0.0303;74540
Sep222021;43551.6;40660.8;43976.7;40585.7;93.98;0.0713;93980
Sep212021;40651.3;43012.3;43619.3;39646.8;142.55;-0.0518;142550
Sep202021;42870.6;47240.8;47323.9;42547.1;77.96;-0.0925;77960
Sep192021;47238.7;48299.9;48341.9;46866.6;41.98;-0.0221;41980
Sep182021;48306.7;47283.9;48761;47070.5;43.64;0.0217;43640
Sep172021;47282.8;47748.2;48155.9;46788.8;50.16;-0.0097;50160
Sep162021;47748;48132.3;48480.6;47040.3;60.91;-0.008;60910
Sep152021;48130.6;47070.8;48436.5;46743.9;63.4;0.0224;63400
Sep142021;47077.5;44950.2;47247.6;44718.7;65.33;0.0473;65330
Sep132021;44949.5;46060.8;46807.7;43463.2;96.15;-0.0242;96150
Sep122021;46062.3;45162.6;46386.4;44755.2;44.52;0.0199;44520
Sep112021;45161.9;44844.9;45975.6;44766.6;41.58;0.0071;41580
Sep102021;44842.8;46385.9;47021.6;44283.6;75.62;-0.0333;75620
Sep092021;46385.6;46057.6;47305.7;45609;73.63;0.007;73630
Sep082021;46061.4;46774.1;47316.9;44493.7;100.48;-0.0154;100480
Sep072021;46779.6;52674.2;52885.3;43072.4;187.56;-0.1119;187560
Sep062021;52672.1;51769.4;52726.2;51002.8;69.46;0.0175;69460
Sep052021;51768.6;49918.7;51878.2;49492.4;57.3;0.0371;57300
Sep042021;49918.4;49999.3;50534.6;49461.4;48.14;-0.0016;48140
Sep032021;49999;49269.5;51008.8;48377.3;88.08;0.0147;88080
Sep022021;49274.3;48817.8;50355.3;48612.9;80.21;0.0093;80210
Sep012021;48819.4;47129.2;49121;46533.1;74.38;0.0358;74380
Aug312021;47130.4;46989.1;48217;46709.3;71.48;0.0029;71480
Aug302021;46992.7;48777.1;48886;46876.9;61.68;-0.0366;61680
Aug292021;48777.4;48899.7;49621.7;47870.1;47.62;-0.0024;47620
Aug282021;48897.1;49062.8;49289.4;48428.5;36.73;-0.0034;36730
Aug272021;49064.3;46830.2;49142;46371.5;62.47;0.0477;62470
Aug262021;46831.6;48994.4;49347.8;46360.4;73.79;-0.0441;73790
Aug252021;48994.5;47707.4;49230.2;47163.3;63.54;0.0268;63540
Aug242021;47714.7;49532.5;49847.4;47623.6;74.26;-0.0368;74260
Aug232021;49539.7;49255.4;50498.8;49038.6;75.37;0.0058;75370
Aug222021;49254.5;48870.4;49480.3;48151;49.32;0.0077;49320
Aug212021;48875.8;49330;49719.1;48293.5;18.2;-0.0091;18200
Aug202021;49324;46756.7;49343.3;46646.8;83.19;0.0549;83190
Aug192021;46755.9;44725.9;47012.3;43986.7;77.92;0.0454;77920
Aug182021;44723.8;44691.1;46004.9;44230;22.36;0.0007;22360
Aug172021;44691.6;45907.5;47140.6;44441.3;84.14;-0.0284;84140
Aug162021;45996.3;46991.6;48002.4;45672.1;2.41;-0.0212;2410
Aug152021;46991.3;47082.6;47344.1;45564.1;58.11;-0.0019;58110
Aug142021;47081.5;47809.6;48090.9;46117.2;64.29;-0.0152;64290
Aug132021;47809.1;44404;47836;44242.4;75.27;0.0767;75270
Aug122021;44403.4;45562.3;46213.8;43814.7;81.07;-0.0255;81070
Aug112021;45564.3;45593.2;46736.5;45367.9;75.43;-0.0006;75430
Aug102021;45593.8;46281.8;46663.4;44681.2;80.55;-0.0149;80550
Aug092021;46284.3;43794.9;46460.7;42824.1;117.08;0.0569;117080
Aug082021;43792.8;44584.9;45284.1;43314.4;105.25;-0.0184;105250
Aug072021;44614.2;42784.7;44697.3;42611;112.84;0.0425;112840
Aug062021;42795.4;40868.4;43253.4;39905.4;111.93;0.0472;111930
Aug052021;40867.2;39734.4;41366.3;37365.4;130.6;0.0284;130600
Aug042021;39736.9;38188.4;39956.5;37556;79.22;0.0421;79220
Aug032021;38130.3;39167.4;39766.6;37688.2;0.26;-0.0265;260
Aug022021;39168.4;39869.8;40449;38692.5;74.81;-0.0178;74810
Aug012021;39878.3;41510;42565;39556.5;80.33;-0.0403;80330
Jul312021;41553.7;42201.4;42285.3;41066.4;44.65;-0.0154;44650
Jul302021;42203.4;40001.1;42264.4;38358.4;98.45;0.055;98450
Jul292021;40001.4;40009;40630.7;39340.8;75.3;0;75300
Jul282021;40003.2;39450.4;40862.2;38883.8;148.92;0.014;148920
Jul272021;39452;37294.3;39455.9;36427.4;100.24;0.0584;100240
Jul262021;37276.6;35392.3;40522.9;35236.7;177.63;0.0533;177630
Jul252021;35391.1;34392.5;35391.1;33881.3;65.1;0.0463;65100
Jul242021;33824.8;33600.5;33955;33412.9;67.14;0.0066;67140
Jul232021;33603.3;32297.9;33605.6;32041.1;66.15;0.0404;66150
Jul222021;32298.9;32131.7;32585.4;31729.4;64.87;0.0052;64870
Jul212021;32131.4;29794.7;32794.6;29519.3;118.34;0.0785;118340
Jul202021;29793.8;30835.4;31040.8;29310.2;97.46;-0.0338;97460
Jul192021;30837.2;31782.9;31887;30478.2;77.48;-0.0298;77480
Jul182021;31785.4;31517.9;32408.2;31220.6;57.01;0.0085;57010
Jul172021;31518.6;31384.4;31914.8;31207.8;58.06;0.004;58060
Jul162021;31394;31842.3;32239.8;31062.2;70.48;-0.014;70480
Jul152021;31840.5;32820.5;33157;31175.8;76.95;-0.0299;76950
Jul142021;32820.7;32727.8;33051.9;31611.2;69.56;0.0028;69560
Jul132021;32728.1;33106.1;33307.7;32259.5;60.04;-0.0116;60040
Jul122021;33113;34228.3;34598;32662.8;63.24;-0.0326;63240
Jul112021;34227.7;33510.8;34580.6;33319.8;35.72;0.0214;35720
Jul102021;33510.6;33797.7;34221;33056.8;50.94;-0.0085;50940
Jul092021;33797.4;32866.3;34079.2;32367;67.14;0.0283;67140
Jul082021;32866.3;33859.4;33923.2;32146.9;108.09;-0.0296;108090
Jul072021;33867.8;34228.7;35036.6;33801.3;72.03;-0.0105;72030
Jul062021;34225.6;33688.5;35062;33581.7;83.63;0.016;83630
Jul052021;33687.8;35297;35300.5;33164.1;88.36;-0.0456;88360
Jul042021;35298.2;34742.8;35957.6;34740.1;56.13;0.016;56130
Jul032021;34742.8;33814.2;34909.8;33363.3;55.69;0.0275;55690
Jul022021;33813.4;33542.2;33925.9;32734.6;78.93;0.008;78930
Jul012021;33543.6;35030.7;35032.7;32839.2;27.41;-0.0423;27410
Jun302021;35026.9;35832.6;36089.5;34126.6;107.07;-0.0225;107070
Jun292021;35834.7;34477.3;36590.3;34247.6;97.27;0.0394;97270
Jun282021;34475.9;34682.2;35231.2;33944.9;112;-0.0058;112000
Jun272021;34678.5;32247.1;34685.5;32041.7;148.8;0.0755;148800
Jun262021;32243.4;31592.1;32643;30206.9;156.67;0.0206;156670
Jun252021;31594;34660.5;35490.9;31337.9;193.43;-0.0886;193430
Jun242021;34665.8;33678.1;35249.9;32356.7;119.25;0.0294;119250
Jun232021;33674.3;32498.3;34784.3;31736.5;173.34;0.0362;173340
Jun222021;32496.4;31682.7;33272.5;28901.8;309.65;0.0254;309650
Jun212021;31692;35597.9;35708.4;31284.1;256.87;-0.1097;256870
Jun202021;35595.8;35510.9;36097.9;33378;137.48;0.0023;137480
Jun192021;35513.4;35770;36357.3;34845.5;105.46;-0.0066;105460
Jun182021;35749.4;38045.5;38166;35198.5;102.84;-0.0605;102840
Jun172021;38052;38337.8;39529.9;37425.3;109.58;-0.0074;109580
Jun162021;38336;40148.1;40494.4;38156.4;123.52;-0.0453;123520
Jun152021;40156.1;40522.5;41318;39589.9;117.55;-0.0092;117550
Jun142021;40529.4;39024.1;40970.4;38769.9;157.35;0.0386;157350
Jun132021;39022.9;35467.5;39321.6;34827;123.32;0.1002;123320
Jun122021;35467.5;37334.4;37437.3;34703.3;87.73;-0.0495;87730
Jun112021;37314.6;36654.3;37641.1;36003.3;109.15;0.0181;109150
Jun102021;36649.4;37375.2;38340.8;35824;154.32;-0.0183;154320
Jun092021;37332.2;33385.5;37517.6;32428.6;209.82;0.1183;209820
Jun082021;33382.9;33574.6;34047.8;31158.1;193.54;-0.0058;193540
Jun072021;33578;35815.4;36754.6;33410.1;119.5;-0.0625;119500
Jun062021;35815.4;35518.7;36434;35265.3;62.2;0.0083;62200
Jun052021;35520;36841.2;37887.6;34832;101.48;-0.0361;101480
Jun042021;36851.3;39191.4;39255.4;35659.9;127.71;-0.0596;127710
Jun032021;39187.3;37555.7;39462.3;37193.6;106.44;0.0434;106440
Jun022021;37555.8;36687.7;38199.9;35981.1;96.89;0.0237;96890
Jun012021;36687.6;37294.3;37850.3;35742.7;113.48;-0.0164;113480
May312021;37298.6;35644;37480.7;34213.2;131.7;0.0462;131700
May302021;35652.8;34589.3;36388.6;33441;104.18;0.0309;104180
May292021;34584.6;35664.5;37227.1;33664.2;160.43;-0.0302;160430
May282021;35662.5;38543.2;38844.1;34772.4;199.58;-0.0717;199580
May272021;38417.3;39249;40322.2;37190.8;122.93;-0.0212;122930
May262021;39249.2;38375.7;40750;37847;153.8;0.0227;153800
May252021;38378.3;38753.6;39740.8;36540.7;163.01;-0.0096;163010
May242021;38750.6;34720.3;39851.7;34474.6;244.88;0.1174;244880
May232021;34679.7;37446.8;38248.7;31192.4;325.73;-0.0739;325730
May222021;37448.3;37291;38776;35314.9;185.83;0.004;185830
May212021;37297.4;40611.2;42108.3;33592.3;315.5;-0.084;315500
May202021;40717.2;36706.8;42425.9;35010.4;269.75;0.1088;269750
May192021;36720.5;42898.3;43516.6;30261.7;607.1;-0.144;607100
May182021;42897.3;43538.5;45770.9;42293.9;154.96;-0.0148;154960
May172021;43541.3;46424.2;46545.4;42201.5;274.76;-0.0621;274760
May162021;46426.4;46729.3;49764.3;43920.8;180.07;-0.006;180070
May152021;46708.8;49839.1;50640.9;46650.2;131.91;-0.0628;131910
May142021;49839.8;49704.9;51459.2;48874;118.84;0.0027;118840
May132021;49704.6;49398.2;51337.3;46331.1;236.71;0.0065;236710
May122021;49384.2;56694.5;57938.5;49187;160.74;-0.129;160740
May112021;56695.7;55846.1;56871.1;54550.4;96.47;0.0152;96470
May102021;55848.9;58251.2;59523.9;53678.3;142.61;-0.041;142610
May092021;58238.3;58840.6;59227;56414.4;103.59;-0.0102;103590
May082021;58840.1;57330.3;59471.1;56972.2;101.27;0.0262;101270
May072021;57337.2;56411.4;58639.3;55300.1;110.01;0.0165;110010
May062021;56405.4;57441;58364.9;55294.5;109.02;-0.018;109020
May052021;57441.3;53872.5;57936.4;53872.5;119.82;0.0688;119820
May042021;53741.5;57170.6;57201.3;53741.5;132.33;-0.06;132330
May032021;57169.8;56605.8;58925.1;56562.4;89.24;0.01;89240
May022021;56603.8;57807.2;57868.4;56110.5;53.61;-0.0208;53610
May012021;57807.1;57719.1;58449.4;57029.5;63.41;0.0015;63410
Apr302021;57720.3;53562.3;57925.6;53088.7;103.74;0.0777;103740
Apr292021;53560.8;54838.6;55173.7;52400;83.9;-0.0234;83900
Apr282021;54841.4;55036;56419.9;53876.4;86.96;-0.0035;86960
Apr272021;55036.5;54011.1;55427.8;53345;84.08;0.0188;84080
Apr262021;54020.5;48963.5;54320.9;48815.9;129.76;0.1033;129760
Apr252021;48963.6;50088.2;50532.4;47098.5;59.2;-0.0225;59200
Apr242021;50088.9;51140.8;51183;48775.2;82.25;-0.0206;82250
Apr232021;51143.6;51707.1;52099.9;47659.4;214.46;-0.0113;214460
Apr222021;51729.5;53821.3;55408.4;50590.9;168.13;-0.0388;168130
Apr212021;53820.2;56479.5;56764.4;53657.6;100.26;-0.0471;100260
Apr202021;56483.2;55645.1;57054.9;53422.5;115.49;0.015;115490
Apr192021;55646.1;56208.1;57517;54272.3;117.51;-0.01;117510
Apr182021;56207.1;60043.2;60362.1;51817.6;216.81;-0.0639;216810
Apr172021;60041.9;61358.3;62509.1;59672.1;84.08;-0.0218;84080
Apr162021;61379.7;63211.6;63518.5;60027.3;136.85;-0.029;136850
Apr152021;63216;62978.6;63729.1;62067.5;76.97;0.0037;76970
Apr142021;62980.4;63544.2;64778;61366.3;130.43;-0.0088;130430
Apr132021;63540.9;59863.6;63659;59839.4;126.56;0.0614;126560
Apr122021;59863.8;59982.1;61259.9;59569.2;81.88;-0.0019;81880
Apr112021;59978.7;59772.4;60667.1;59250.3;58.2;0.0039;58200
Apr102021;59748.4;58127.4;61229;57900;103.72;0.028;103720
Apr092021;58118.7;58076.8;58890.9;57686;59.22;0.0007;59220
Apr082021;58077.4;55948;58136.7;55721.6;64.78;0.038;64780
Apr072021;55948.7;57996.3;58627.7;55489.3;110.69;-0.0353;110690
Apr062021;57996.3;59169;59487;57403.3;77.15;-0.0169;77150
Apr052021;58993.4;58202.3;59205.1;56842.7;54.13;0.0136;54130
Apr042021;58199.9;57059.7;58464.8;56470.6;57.21;0.02;57210
Apr032021;57059.9;58976.8;59770.5;56906.7;68.74;-0.0325;68740
Apr022021;58977.3;58718.2;60134.9;58466.5;72.37;0.0044;72370
Apr012021;58718.3;58763.2;59406.5;58040.7;69.04;-0.0008;69040
Mar312021;58763.7;58771.4;59795.6;56991.6;98.06;-0.0001;98060
Mar302021;58771.3;57614.6;59366.9;57077.1;86.21;0.02;86210
Mar292021;57616.2;55764.7;58392.6;54951.1;107.91;0.0332;107910
Mar282021;55765.2;55856.9;56504.2;54711.3;58.71;-0.0017;58710
Mar272021;55862.9;55033.8;56531.1;54010.2;73.87;0.015;73870
Mar262021;55036.1;51317.4;55074.1;51302;100.3;0.0724;100300
Mar252021;51322.3;52330;53175.4;50441.3;143.35;-0.0192;143350
Mar242021;52325.4;54309.1;57169.4;51725.4;137.91;-0.0391;137910
Mar232021;54452.5;54117.5;55813.8;52992.3;84.84;0.0054;84840
Mar222021;54158.3;57379.3;58379.9;53784.2;95.53;-0.0562;95530
Mar212021;57383.8;58097.4;58583.8;55583.3;77.47;-0.0122;77470
Mar202021;58093.4;58084.1;59882.1;57863;67.83;0.0001;67830
Mar192021;58088;57645;59448.3;56305.1;83.98;0.0075;83980
Mar182021;57656;58911.8;60088;57099.6;102.62;-0.0213;102620
Mar172021;58913.5;56892.9;58933.2;54253.2;118.26;0.0356;118260
Mar162021;56889.7;55619.5;56889.7;53342.6;128.51;0.0197;128510
Mar152021;55791.3;59117.4;60565.9;55088.8;117.71;-0.0562;117710
Mar142021;59113.7;61192.7;61673.7;59113.7;80.29;-0.034;80290
Mar132021;61195.3;57267.4;61795.8;56118.8;134.64;0.0686;134640
Mar122021;57265.1;57806.2;58052.3;55134.5;116.96;-0.0092;116960
Mar112021;57799.5;55851.2;58135;54351.8;129.63;0.0349;129630
Mar102021;55851.9;54882.7;57328.7;53073.6;140.96;0.0177;140960
Mar092021;54879;52352.4;54880.6;51941.3;114.06;0.0491;114060
Mar082021;52311;50988.9;52384.9;49338.1;68.14;0.0261;68140
Mar072021;50982.3;48899;51434.1;48890.6;82.91;0.0435;82910
Mar062021;48855.6;48798.7;49191.8;47132.8;66.66;0.0013;66660
Mar052021;48792.5;48363.6;49429.4;46370.1;113.64;0.0075;113640
Mar042021;48428;50388;51757.7;47521.8;9.56;-0.039;9560
Mar032021;50395.1;48422.2;52567.9;48159.2;44.93;0.0407;44930
Mar022021;48424.2;49595.6;50191.9;47100.6;102.1;-0.0236;102100
Mar012021;49595.5;45160.5;49774;45008.8;137.52;0.0981;137520
Feb282021;45164;46136;46582;43100.6;135.08;-0.0211;135080
Feb272021;46136.7;46333.1;48335.1;45059.4;98.75;-0.0045;98750
Feb262021;46345.6;46928.5;48413.9;44248.2;189.41;-0.0124;189410
Feb252021;46928.5;49695.9;52013.8;46773.7;83.22;-0.0557;83220
Feb242021;49697.5;48911.1;51311.8;47031.7;153.75;0.0161;153750
Feb232021;48911.2;54114.1;54115;45093.8;315.07;-0.0961;315070
Feb222021;54111.8;57437.6;57480.8;48353.8;244.95;-0.0578;244950
Feb212021;57433.8;55907.6;58335.1;55502.7;87.26;0.027;87260
Feb202021;55923.7;55922;57523.8;54124.1;127.85;0.0003;127850
Feb192021;55906.6;51590.1;56238.5;50816.8;139.43;0.0838;139430
Feb182021;51582.2;52094.5;52524;50941.6;94.35;-0.0095;94350
Feb172021;52079.2;49161.3;52577.7;49018.1;140.03;0.0592;140030
Feb162021;49169.7;47934.2;50515.8;47044.4;141.37;0.0257;141370
Feb152021;47936.3;48611.1;48936.5;45786.1;123.18;-0.0145;123180
Feb142021;48643.4;47172.1;49695.1;47051.9;106.5;0.0313;106500
Feb132021;47168.7;47373.1;48097.3;46270.5;89.42;-0.0043;89420
Feb122021;47371.7;47995;48927.4;46218.6;133.73;-0.0129;133730
Feb112021;47990.7;44834.8;48622.1;44041.1;145.77;0.0704;145770
Feb102021;44836;46507.8;47295.3;43800.5;151.83;-0.036;151830
Feb092021;46508.6;46396.4;48143.5;45104.7;193.87;0.0024;193870
Feb082021;46395.7;38853.6;46596.4;38057;248.47;0.1941;248470
Feb072021;38852.9;39228.9;39691.7;37381.6;125.37;-0.0103;125370
Feb062021;39256.6;38300.6;40939.7;38275.3;156.02;0.025;156020
Feb052021;38297.6;36976.4;38303.6;36640;100.6;0.0356;100600
Feb042021;36982.1;37648.9;38707.9;36380.8;151.44;-0.0177;151440
Feb032021;37646.8;35486.9;37646.8;35401.5;131.03;0.0609;131030
Feb022021;35485.2;33514;35976.1;33462.4;120.85;0.0588;120850
Feb012021;33515.7;33106.8;34685.6;32324.9;126.32;0.0123;126320
Jan312021;33108.1;34281.6;34348.3;32189.9;101.92;-0.0343;101920
Jan302021;34283.1;34300;34920.9;32908.5;128.57;-0.0005;128570
Jan292021;34301.8;33381.7;38546;31953.3;297.73;0.0278;297730
Jan282021;33374.8;30408.9;33790.8;29911.9;167.39;0.0977;167390
Jan272021;30404;32499.6;32545.4;29290.4;194.35;-0.0646;194350
Jan262021;32502.1;32244.1;32917.7;30850;139.84;0.0077;139840
Jan252021;32252.3;32244.3;34854.3;31967.4;142.43;0.0003;142430
Jan242021;32241.3;32088.5;33034.8;30982.9;88.21;0.0047;88210
Jan232021;32088.9;32994.1;33441.4;31418.2;100.7;-0.0276;100700
Jan222021;33000.5;30838.7;33821.2;28871.2;243.09;0.07;243090
Jan212021;30842.1;35472.3;35591.1;30101.8;253.27;-0.1306;253270
Jan202021;35476.3;35862.1;36384.4;33444.5;153.61;-0.0146;153610
Jan192021;36002.9;36630.6;37821;36001.4;79.11;-0.0167;79110
Jan182021;36613.2;35838.2;37436.8;34801;111.52;0.0216;111520
Jan172021;35839.6;36020.1;36801.3;33883.5;126.82;-0.005;126820
Jan162021;36019.5;36751.8;37931.7;35408.4;137.02;-0.0224;137020
Jan152021;36845.8;39175.7;39715;34488.7;118.42;-0.0595;118420
Jan142021;39175.7;37383.4;40054.3;36772.1;172.4;0.048;172400
Jan132021;37382.2;34061.2;37764.6;32451.9;209.93;0.097;209930
Jan122021;34076.1;35426;36598.7;32572.7;241.93;-0.0413;241930
Jan112021;35544.3;38195.3;38217.2;30411.6;251.04;-0.0693;251040
Jan102021;38192.2;40149.7;41362.4;35141.6;215.78;-0.0488;215780
Jan092021;40151.9;40607.2;41363.5;38775.1;128.42;-0.011;128420
Jan082021;40599.3;39466.4;41921.7;36613.4;251.29;0.0289;251290
Jan072021;39460.2;36798.5;40340.9;36361.2;249.6;0.0725;249600
Jan062021;36793.2;33999.3;36934.8;33408.3;227.56;0.0824;227560
Jan052021;33991.5;32015.4;34414.7;30010.5;202.13;0.0615;202130
Jan042021;32022.6;33016.6;33587.5;28204.5;255.27;-0.0284;255270
Jan032021;32958.9;32192.9;34755.9;32029.6;155.21;0.0238;155210
Jan022021;32193.3;29359.7;33233.5;29008;240.87;0.0965;240870
Jan012021;29359.9;28951.7;29627.1;28712.4;100.9;0.0142;100900
Dec312020;28949.4;28866.8;29298.8;28025;136.69;0.0028;136690
Dec302020;28868.7;27374.5;28979.3;27374.5;159.82;0.0545;159820
Dec292020;27376;27065.3;27390.7;25902.8;119.57;0.0118;119570
Dec282020;27057.8;26259.2;27444.9;26144.3;126.98;0.0303;126980
Dec272020;26261.3;26460.3;28360.3;25858.2;231.23;-0.0073;231230
Dec262020;26454.4;24714.7;26826;24515.1;155.77;0.0715;155770
Dec252020;24689.6;23728.7;24778.9;23445.3;2.4;0.0402;2400
Dec242020;23736.5;23253.2;23783.7;22737.3;104.59;0.0206;104590
Dec232020;23257.9;23820.8;24063.7;22694.7;178.47;-0.0237;178470
Dec222020;23823.2;22730.4;23825.4;22388.6;130.75;0.0482;130750
Dec212020;22728.5;23474.1;24101.9;22015.5;154.69;-0.0318;154690
Dec202020;23474.9;23843.6;24280.9;23098.9;114.09;-0.0155;114090
Dec192020;23844;23127.6;24107.1;22797;133.88;0.031;133880
Dec182020;23127.9;22823.3;23272.8;22361.5;131.8;0.0133;131800
Dec172020;22825.4;21352.3;23738;21243.1;310.74;0.069;310740
Dec162020;21352.2;19434.7;21525.3;19299.7;199.81;0.0987;199810
Dec152020;19434.9;19273.9;19556.3;19076.2;98.39;0.0084;98390
Dec142020;19273.8;19176.4;19346.5;19007;67.11;0.0051;67110
Dec132020;19176.8;18808.1;19403.6;18716.8;82.45;0.0196;82450
Dec122020;18808.9;18026.7;18936.2;18025.1;71.37;0.0436;71370
Dec112020;18023.6;18250.5;18288.3;17600.1;111.53;-0.0123;111530
Dec102020;18247.2;18546.1;18551.8;17926.8;85.31;-0.0161;85310
Dec092020;18546;18322.4;18637.9;17658.8;129.72;0.012;129720
Dec082020;18326.6;19170.8;19288.6;18229.2;101.41;-0.044;101410
Dec072020;19170.7;19368.4;19424.6;18908.8;61.98;-0.0108;61980
Dec062020;19379.9;19146;19417.1;18873;54.56;0.0122;54560
Dec052020;19146.5;18657.5;19172.7;18507.1;59.44;0.0262;59440
Dec042020;18658.1;19431.1;19529.5;18610.8;110.63;-0.0399;110630
Dec032020;19433.3;19219.8;19596.6;18883.7;99.97;0.0112;99970
Dec022020;19218.8;18767.9;19335.5;18346.7;91.92;0.0239;91920
Dec012020;18770.7;19697.8;19897.4;18257;208.72;-0.0471;208720
Nov302020;19698.1;18186;19831.2;18186;185.59;0.0832;185590
Nov292020;18185.5;17729.7;18336.3;17530.4;79.12;0.0257;79120
Nov282020;17730.7;17142.6;17874.4;16874.4;95.2;0.0352;95200
Nov272020;17127.1;17160.9;17450.3;16481.6;138.8;-0.002;138800
Nov262020;17162;18721.9;18894.9;16235.2;312.07;-0.0834;312070
Nov252020;18723;19151.5;19486.7;18527.7;146.12;-0.0224;146120
Nov242020;19152.6;18394.6;19416.6;18074.8;180.79;0.0421;180790
Nov232020;18379.6;18428.1;18756.8;18016;127.35;-0.0018;127350
Nov222020;18412.9;18689.3;18751.5;17644.6;121.76;-0.0147;121760
Nov212020;18687.2;18673.8;18966;18397.5;108.91;0.0006;108910
Nov202020;18675.2;17805.5;18811;17758.4;134.42;0.049;134420
Nov192020;17803.5;17775.1;18166;17380.1;135.94;0.0016;135940
Nov182020;17774.6;17662.3;18466.1;17258.9;233.43;0.0064;233430
Nov172020;17662.3;16715.8;17845.4;16562;175.87;0.0566;175870
Nov162020;16715.8;15954.1;16880.7;15870.7;118.09;0.0478;118090
Nov152020;15953;16074.7;16158.1;15782.3;58.43;-0.0073;58430
Nov142020;16071;16323.1;16328.2;15717.7;83.64;-0.0155;83640
Nov132020;16324.2;16293;16474.1;15973.4;113.75;0.0018;113750
Nov122020;16294.7;15695.8;16342.7;15483.5;165.54;0.0382;165540
Nov112020;15695.8;15303.1;15953.9;15281;119.07;0.0256;119070
Nov102020;15303.6;15328;15465.3;15096.5;93.36;-0.0015;93360
Nov092020;15327.2;15483.3;15819.6;14816.9;165.04;-0.0101;165040
Nov082020;15483.7;14826.6;15648.3;14720.7;94.99;0.0442;94990
Nov072020;14828.4;15578.2;15754.4;14385.1;160.73;-0.0481;160730
Nov062020;15577.9;15593.9;15955.2;15223.5;186.13;-0.0006;186130
Nov052020;15587.1;14145.6;15739.9;14099.7;227.49;0.1019;227490
Nov042020;14145.6;14023;14238.8;13544.4;140.8;0.009;140800
Nov032020;14019.9;13560.5;14054;13294.6;108.17;0.0338;108170
Nov022020;13561.4;13759.7;13828.4;13214.2;97.76;-0.0144;97760
Nov012020;13759.4;13795.5;13889.5;13628.7;51.71;-0.0027;51710
Oct312020;13797.3;13560.2;14065.4;13441.7;102.75;0.0175;102750
Oct302020;13559.9;13457;13667.9;13134.5;108.77;0.0076;108770
Oct292020;13457.2;13278.3;13640;12982.9;111.23;0.0134;111230
Oct282020;13278.9;13658.3;13851.7;12907.6;144.18;-0.0277;144180
Oct272020;13657.8;13061.5;13782.3;13050.3;128.64;0.0456;128640
Oct262020;13061.6;13033;13229.7;12792.4;89.47;0.0023;89470
Oct252020;13032.2;13117;13345.3;12900.4;59.73;-0.0065;59730
Oct242020;13117.2;12933.6;13161.5;12876.4;51.2;0.0142;51200
Oct232020;12934.1;12972.7;13025.5;12738.9;73.94;-0.0031;73940
Oct222020;12974.6;12805.5;13183.9;12698.2;113.31;0.013;113310
Oct212020;12808.7;11913.6;13213.5;11894.6;197.72;0.0751;197720
Oct202020;11913.5;11753.9;12029.4;11685.7;94.59;0.0136;94590
Oct192020;11753.4;11507.1;11823.3;11413.9;73.04;0.0214;73040
Oct182020;11506.9;11362.1;11506.9;11349.8;31.51;0.0127;31510
Oct172020;11362.1;11321.8;11402.7;11274.4;29.86;0.0035;29860
Oct162020;11322;11503.2;11542.2;11224.6;71.42;-0.0157;71420
Oct152020;11503;11421.4;11590.9;11276.7;70.84;0.0072;70840
Oct142020;11420.4;11424.4;11541;11293.5;59.12;-0.0003;59120
Oct132020;11423.8;11533.5;11558;11315.9;64.67;-0.0095;64670
Oct122020;11533.9;11370.8;11715.9;11227.4;84.02;0.0143;84020
Oct112020;11371;11295.6;11439.4;11277.6;41.06;0.0064;41060
Oct102020;11298.4;11053.5;11475;11053.1;65.81;0.0221;65810
Oct092020;11054.2;10923.5;11103;10836.9;70.95;0.0119;70950
Oct082020;10924.1;10670.7;10948.6;10549.6;79.78;0.0237;79780
Oct072020;10670.9;10601;10680.1;10553.3;49.27;0.0064;49270
Oct062020;10602.6;10790.2;10800.3;10530.8;69.07;-0.0173;69070
Oct052020;10789.5;10672.5;10789.6;10623.4;48.86;0.0109;48860
Oct042020;10672.9;10544.4;10693.3;10520.8;31.4;0.0122;31400
Oct032020;10544.2;10572.2;10597.8;10501.2;29.1;-0.0027;29100
Oct022020;10572.3;10619.6;10662.9;10387.6;77.94;-0.0045;77940
Oct012020;10620.5;10776.6;10913.7;10462.7;95.33;-0.0144;95330
Sep302020;10776.1;10843.4;10847.7;10667.6;55.55;-0.006;55550
Sep292020;10840.9;10694.3;10858.4;10642.4;59.64;0.0138;59640
Sep282020;10693.2;10776.4;10946.6;10685.2;72.29;-0.0077;72290
Sep272020;10776.2;10727.9;10799.2;10602.7;40.92;0.0045;40920
Sep262020;10727.9;10688.9;10793.3;10650.2;37.85;0.0037;37850
Sep252020;10688.8;10739.9;10756;10558.9;71.43;-0.0047;71430
Sep242020;10739.4;10238.1;10787.8;10201;82.95;0.049;82950
Sep232020;10237.3;10531.5;10535.4;10146.6;74.95;-0.0279;74950
Sep222020;10531.5;10419.4;10570.7;10361.7;63.52;0.011;63520
Sep212020;10416.8;10919.9;10987.2;10328.5;109.85;-0.0462;109850
Sep202020;10921.5;11081.6;11081.6;10772.7;53.39;-0.0145;53390
Sep192020;11081.8;10933;11177.1;10890.7;51.63;0.0136;51630
Sep182020;10933;10941.3;11029.7;10818.7;63.48;-0.0008;63480
Sep172020;10941.3;10950.1;11039.3;10755.2;77.22;-0.0007;77220
Sep162020;10949.5;10785.2;11093.3;10669.2;94.94;0.0152;94940
Sep152020;10785.3;10675.2;10931.8;10627.8;91.7;0.0103;91700
Sep142020;10675.3;10332.7;10744.3;10264.5;96.64;0.0338;96640
Sep132020;10326;10441.7;10579.6;10219.4;66.12;-0.0111;66120
Sep122020;10441.9;10390.2;10476.8;10275.9;48.49;0.005;48490
Sep112020;10390.2;10339.8;10398.8;10212.6;62.28;0.0049;62280
Sep102020;10339.7;10224.3;10480.3;10219.2;88.01;0.0113;88010
Sep092020;10224.6;10126.8;10343.3;9984.6;71.37;0.0097;71370
Sep082020;10126.6;10376.9;10434.4;9877.1;113.9;-0.0241;113900
Sep072020;10376.9;10296.4;10400.9;9887;12.4;0.0078;12400000
Sep062020;10296.4;10092.2;10337.7;10004.7;12.12;0.0202;12120000
Sep052020;10092.2;10472.3;10558.7;9897.8;14.72;-0.0363;14720000
Sep042020;10472.5;10168.7;10614.2;9960.3;12.5;0.0299;12500000
Sep032020;10168.8;11413.2;11442.7;10009.5;9.65;-0.109;9650000
Sep022020;11413.3;11914.4;11947.5;11244.9;20.26;-0.0421;20260000
Sep012020;11914.9;11644.2;12045.9;11544.6;580.69;0.0232;580690
Aug312020;11644.2;11701.1;11760.2;11563.8;496.14;-0.0049;496140
Aug302020;11702;11468.1;11704.2;11462.6;409.36;0.0204;409360
Aug292020;11468.1;11527.8;11576.8;11433.5;389.85;-0.0051;389850
Aug282020;11527.4;11327.5;11539;11281.9;464.94;0.0177;464940
Aug272020;11327.4;11462.3;11580.3;11135.3;560.59;-0.0118;560590
Aug262020;11462.3;11324.9;11533.6;11254.6;513.06;0.0121;513060
Aug252020;11324.8;11752.9;11766.9;11131;594.07;-0.0365;594070
Aug242020;11753.5;11641.6;11824.6;11587.1;429.13;0.0096;429130
Aug232020;11641.6;11661.1;11705.4;11520.8;377.33;-0.0017;377330
Aug222020;11661.3;11529.2;11677;11382.1;433.98;0.0115;433980
Aug212020;11529.2;11856.9;11877.4;11495.6;506.38;-0.0276;506380
Aug202020;11856.9;11751;11881;11672.7;430.93;0.0091;430930
Aug192020;11750.2;11944.4;12013.2;11602.6;550.26;-0.0165;550260
Aug182020;11947.6;12283;12381.4;11842;606.79;-0.0273;606790
Aug172020;12282.6;11898.8;12444.1;11764;628.41;0.0322;628410
Aug162020;11899;11845.5;11922.5;11688.9;410.81;0.0045;410810
Aug152020;11845.3;11751.1;11964;11711.5;499.1;0.008;499100
Aug142020;11750.8;11771.1;11835.5;11651.5;435.44;-0.0017;435440
Aug132020;11770.9;11557.2;11772.9;11298.4;545.67;0.0185;545670
Aug122020;11557.2;11390.4;11605.4;11190.6;549.59;0.0146;549590
Aug112020;11390.4;11889.2;11931.8;11146.7;615.9;-0.0419;615900
Aug102020;11889.2;11681.1;12041.1;11546.9;564.11;0.0178;564110
Aug092020;11681.2;11764.4;11792.8;11527.5;303;-0.0071;303000
Aug082020;11764.3;11591.6;11805.5;11533.5;317.06;0.0149;317060
Aug072020;11592;11757.1;11901.8;11352.4;517;-0.014;517000
Aug062020;11757.1;11735;11898.4;11563;554.85;0.0019;554850
Aug052020;11735.1;11184.8;11771.5;11114.5;570.83;0.0492;570830
Aug042020;11184.7;11223.8;11407.8;11043;485.79;-0.0035;485790
Aug032020;11224.4;11066.9;11461.1;10981.6;470.24;0.0142;470240
Aug022020;11066.8;11802.6;12061.1;10730.7;647.95;-0.0624;647950
Aug012020;11803.1;11333.2;11847.7;11226.1;611.47;0.0414;611470
Jul312020;11333.4;11096.5;11434.8;10964.6;530.95;0.0214;530950
Jul302020;11096.2;11105.8;11164.4;10861.6;501.14;-0.0009;501140
Jul292020;11105.9;10908.4;11336.5;10771.8;576.83;0.0181;576830
Jul282020;10908.5;10961.1;11046.1;10873.6;658.37;-0.0104;658370
Jul272020;11022.8;9932.7;11367;9894.6;908.99;0.1098;908990
Jul262020;9932.5;9690;10086.6;9645.9;415.07;0.0235;415070
Jul252020;9704.1;9546.7;9729.3;9536.2;306.29;0.0165;306290
Jul242020;9546.4;9599.2;9626.2;9480.5;359.16;-0.0055;359160
Jul232020;9599.6;9513.6;9646.5;9451.1;425.66;0.009;425660
Jul222020;9513.7;9387.4;9523.1;9296;386;0.0135;386000
Jul212020;9387.3;9162.3;9426.9;9155.1;458.99;0.0246;458990
Jul202020;9162.4;9208.1;9218.4;9139.9;312.98;-0.005;312980
Jul192020;9208;9170.1;9224.8;9106.4;265.25;0.0041;265250
Jul182020;9170.2;9155.8;9198.8;9126.7;276.4;0.0016;276400
Jul172020;9155.8;9135.4;9181.9;9091.5;310.92;0.0022;310920
Jul162020;9135.3;9198.7;9224.2;9052;429.04;-0.0069;429040
Jul152020;9198.7;9253.6;9270.2;9168.7;429.84;-0.0059;429840
Jul142020;9253.4;9243.1;9274.8;9135.7;453.83;0.0011;453830
Jul132020;9243.6;9300.5;9329.6;9207.6;456.87;-0.0062;456870
Jul122020;9300.8;9234.2;9337.8;9170.4;366.88;0.0073;366880
Jul112020;9233.3;9285.8;9295.5;9184.2;353.92;-0.0056;353920
Jul102020;9285.1;9239;9309.8;9131.9;418.47;0.0053;418470
Jul092020;9235.7;9430.1;9434.5;9176;444.27;-0.0206;444270
Jul082020;9429.9;9256.3;9458.3;9233.1;509.94;0.0188;509940
Jul072020;9256;9338.8;9371.2;9209.3;420.55;-0.0089;420550
Jul062020;9339;9080.4;9363;9063.2;510.27;0.0284;510270
Jul052020;9081;9134.3;9149.6;8932.1;314.1;-0.0058;314100
Jul042020;9134.4;9067.1;9182.3;9049.6;261.25;0.0074;261250
Jul032020;9067.1;9085;9120.4;9050.9;333.88;-0.002;333880
Jul022020;9085.1;9229.9;9259.7;8962.1;483.1;-0.0157;483100
Jul012020;9229.9;9135.9;9289;9101.1;366.78;0.0103;366780
Jun302020;9135.4;9186;9199.8;9075.3;381.73;-0.0054;381730
Jun292020;9185.4;9122.8;9229.1;9033.6;401.12;0.0067;401120
Jun282020;9124;9008.4;9185.5;8950.2;329.01;0.0128;329010
Jun272020;9008.3;9160.5;9190.5;8865.3;441.93;-0.0166;441930
Jun262020;9160;9247.5;9296.5;9060.1;489.84;-0.0095;489840
Jun252020;9247.5;9300.8;9327.3;9022.6;524.45;-0.0059;524450
Jun242020;9302;9624.6;9667.4;9223;515.78;-0.0335;515780
Jun232020;9624.6;9683.9;9715.6;9581.8;375.49;-0.0061;375490
Jun222020;9683.7;9296.5;9751.9;9285.8;523.32;0.0417;523320
Jun212020;9296.4;9358.8;9411.2;9288.5;335.99;-0.0067;335990
Jun202020;9358.8;9314;9394.5;9199.8;383.44;0.0048;383440
Jun192020;9314;9390.3;9424;9249.6;478.49;-0.0079;478490
Jun182020;9388.1;9464.6;9480.4;9289.3;391.67;-0.0081;391670
Jun172020;9464.6;9523.6;9543.6;9258.2;446.45;-0.0062;446450
Jun162020;9523.5;9425.6;9577.1;9379.3;545.47;0.0104;545470
Jun152020;9425.4;9345.5;9489.7;8925.6;750.9;0.0086;750900
Jun142020;9345.3;9470.7;9474.7;9264.4;311.27;-0.0133;311270
Jun132020;9471.3;9466.5;9484.9;9369.9;364.97;0.0005;364970
Jun122020;9466.6;9283.7;9547.5;9249.4;529.28;0.0197;529280
Jun112020;9283.2;9878.9;9945.2;9139.1;919.3;-0.0603;919300
Jun102020;9878.8;9768.8;9970.9;9710.7;533.55;0.0113;533550
Jun092020;9768.8;9777.7;9857.2;9616.6;479.55;-0.0009;479550
Jun082020;9777.9;9743.4;9788.2;9662.3;431.04;0.0036;431040
Jun072020;9742.6;9669.6;9791.8;9417.4;549.2;0.0076;549200
Jun062020;9669.6;9630.8;9733.1;9549.5;370.85;0.004;370850
Jun052020;9631.2;9794;9846.1;9628.7;527.05;-0.0167;527050
Jun042020;9794.4;9667.2;9864.4;9490.9;593.66;0.0132;593660
Jun032020;9667.2;9527;9667.2;9421.7;558.12;0.0147;558120
Jun022020;9527.6;10190.7;10207.3;9347.3;1.06;-0.0649;1060000
Jun012020;10189.3;9454.5;10301.8;9429.7;796.68;0.0777;796680
May312020;9454.8;9692.9;9695.6;9406.2;645.27;-0.0245;645270
May302020;9692.5;9424.8;9729.9;9352.7;720.62;0.0284;720620
May292020;9424.8;9573.4;9596.5;9358.1;814.33;-0.0154;814330
May282020;9572.2;9199.8;9610.8;9119.2;948.86;0.0406;948860
May272020;9199.1;8842.3;9210.9;8818.6;810.89;0.0403;810890
May262020;8842.5;8897.7;8994.6;8713.9;784.92;-0.0063;784920
May252020;8898.2;8728;8959.5;8666.1;941.89;0.0195;941890
May242020;8728.2;9177.9;9292;8724.1;1.11;-0.0489;1110000
May232020;9177;9169.8;9303.2;9098.9;812.56;0.0008;812560
May222020;9169.7;9058.2;9253.5;8952.1;914.59;0.0122;914590
May212020;9059;9511.6;9567.1;8833.6;1.41;-0.0476;1410000
May202020;9512.3;9773;9829.3;9368.4;1.15;-0.0267;1150000
May192020;9773.3;9730.8;9883.9;9498.7;1.16;0.0044;1160000
May182020;9730.7;9678.4;9930.2;9524.4;1.18;0.0055;1180000
May172020;9677.7;9376.6;9866;9327.8;1.18;0.0318;1180000
May162020;9379.5;9318.1;9579;9233;1.1;0.0066;1100000
May152020;9318;9778.6;9819.6;9223.2;1.56;-0.0471;1560000
May142020;9778.4;9298.7;9887.5;9265.8;1.77;0.0516;1770000
May132020;9298.7;8813.9;9384.6;8799.1;1.5;0.055;1500000
May122020;8813.8;8569.8;8964.5;8542.8;1.35;0.0273;1350000
May112020;8579.8;8737.6;9129.6;8235.6;2.29;-0.0182;2290000
May102020;8738.8;9553.9;9569.4;8259.3;2.47;-0.0854;2470000
May092020;9554.6;9806;9910.5;9533.6;1.49;-0.0257;1490000
May082020;9806.2;9980.1;10018.2;9731.4;1.42;-0.0174;1420000
May072020;9979.8;9152.7;10033;9064.8;1.91;0.0905;1910000
May062020;9151.4;9000.6;9373.7;8923.6;1.62;0.0167;1620000
May052020;9001;8874.2;9078.7;8800.4;1.05;0.0142;1050000
May042020;8874.7;8885.5;8945.5;8553.2;1.12;-0.0012;1120000
May032020;8885.5;8966.2;9169.9;8742.2;1.15;-0.009;1150000
May022020;8966.3;8821.6;8986.2;8771.3;890.34;0.0164;890340
May012020;8821.6;8628.6;9040.3;8621;1.11;0.0223;1110000
Apr302020;8629;8770.6;9437.5;8425.5;2.04;-0.0162;2040000
Apr292020;8770.9;7746.7;8918.5;7729.7;1.83;0.1322;1830000
Apr282020;7746.9;7766;7770.1;7655.3;808.09;-0.0025;808090
Apr272020;7766;7679.4;7768.5;7637.7;980.5;0.0113;980500
Apr262020;7678.9;7540.4;7679.4;7520.5;921.59;0.0184;921590
Apr252020;7540.4;7503.9;7684.6;7451;861.93;0.0049;861930
Apr242020;7503.8;7491.3;7583.5;7423.5;951.95;0.002;951950
Apr232020;7488.5;7112.8;7655.4;7036.5;1.34;0.0528;1340000
Apr222020;7112.9;6842.5;7137.4;6821.8;914.18;0.0395;914180
Apr212020;6842.5;6833.4;6919.3;6774.3;892.57;0.0013;892570
Apr202020;6833.5;7122.9;7207.5;6771.2;1.26;-0.0406;1260000
Apr192020;7122.9;7230.9;7238;7079.1;5.93;-0.0149;5930000
Apr182020;7230.8;7035.9;7259.4;7031.5;796.45;0.0277;796450
Apr172020;7035.8;7085.5;7142.8;7005.8;810.1;-0.007;810100
Apr162020;7085.6;6629.1;7159.7;6520.5;1.54;0.0689;1540000
Apr152020;6629.1;6851.3;6929.5;6615.9;1;-0.0324;1000000
Apr142020;6850.9;6841.8;6970.8;6768.6;999.53;0.0014;999530
Apr132020;6841.3;6918.1;6920.3;6618.5;1.25;-0.011;1250000
Apr122020;6917.6;6867.9;7158.8;6785.1;1.1;0.0073;1100000
Apr112020;6867.8;6862.7;6931.4;6765.1;845.58;0.0007;845580
Apr102020;6863.1;7289;7294.4;6756.1;1.37;-0.0584;1370000
Apr092020;7289;7361.1;7361.1;7140.3;963.55;-0.0098;963550
Apr082020;7361.2;7185.6;7396.1;7153.1;983.94;0.0245;983940
Apr072020;7185.2;7332.3;7440.3;7101.7;1.32;-0.0201;1320000
Apr062020;7332.3;6772.8;7335;6770.1;1.53;0.0826;1530000
Apr052020;6772.7;6857.5;6889.4;6686;842.33;-0.0123;842330
Apr042020;6857.4;6735.9;6958.6;6679.1;1.05;0.018;1050000
Apr032020;6735.9;6799.9;7026.3;6623.6;1.35;-0.0095;1350000
Apr022020;6800.5;6638.8;7182.7;6567.9;1.74;0.0244;1740000
Apr012020;6638.5;6412.4;6661.3;6157.4;1.4;0.0352;1400000
Mar312020;6412.5;6391.1;6513.1;6346.3;1.05;0.0034;1050000
Mar302020;6391;5890.4;6576.5;5872.5;1.43;0.085;1430000
Mar292020;5890.4;6233.2;6258.8;5889.3;916.17;-0.0551;916170
Mar282020;6233.7;6373.4;6374.3;6046.5;1.26;-0.0219;1260000
Mar272020;6373.4;6725.5;6813.7;6322.3;1.16;-0.0523;1160000
Mar262020;6725.1;6677.9;6772.9;6541.7;1.18;0.0069;1180000
Mar252020;6678.9;6744.8;6930.2;6474.6;1.52;-0.0097;1520000
Mar242020;6744.6;6468.8;6814.2;6380.8;1.73;0.0426;1730000
Mar232020;6468.9;5822;6564.7;5710.8;1.88;0.1111;1880000
Mar222020;5822.1;6186.9;6394.4;5771.2;1.48;-0.0589;1480000
Mar212020;6186.2;6205.6;6438.3;5887;1.64;-0.0031;1640000
Mar202020;6205.3;6171.6;6858.1;5748.2;2.22;0.0054;2220000
Mar192020;6172;5359.2;6379.5;5256;2.18;0.1512;2180000
Mar182020;5361.4;5260.7;5373.1;5020.9;1.8;0.0191;1800000
Mar172020;5261.1;5030.2;5432.8;4946.5;1.89;0.0459;1890000
Mar162020;5030;5366.4;5369.3;4477.7;2.55;-0.0627;2550000
Mar152020;5366.3;5182.9;5863.3;5120.6;1.61;0.0354;1610000
Mar142020;5182.7;5589.4;5634.9;5072.2;1.69;-0.0719;1690000
Mar132020;5584.3;4815.2;5934.3;3869.5;4.17;0.1571;4170000
Mar122020;4826;7935.2;7963.1;4546.6;3.22;-0.3918;3220000
Mar112020;7935.1;7892.1;7976.5;7606;1.1;0.0056;1100000
Mar102020;7891.2;7933;8145.5;7740.2;1.2;-0.0053;1200000
Mar092020;7933;8035.8;8158.8;7648.7;1.54;-0.0126;1540000
Mar082020;8034.1;8887.8;8888;8015.3;1.11;-0.0961;1110000
Mar072020;8887.8;9134.2;9180.8;8848.7;750.65;-0.027;750650
Mar062020;9134.8;9060.6;9165.2;9004.9;1.04;0.0082;1040000
Mar052020;9060.3;8757.9;9147.3;8751.5;950.76;0.0345;950760
Mar042020;8757.9;8761.3;8840.3;8679.7;759.69;-0.0004;759690
Mar032020;8761.4;8906.1;8911.7;8669.3;1.01;-0.0161;1010000
Mar022020;8904.8;8537.5;8961.8;8503.1;1.02;0.0427;1020000
Mar012020;8540;8543.8;8737.2;8437.2;784.05;-0.0004;784050
Feb292020;8543.7;8697.1;8793.7;8539.8;683.44;-0.0177;683440
Feb282020;8697.5;8820.1;8898.7;8451.9;1.08;-0.0137;1080000
Feb272020;8818.6;8800.1;8968.3;8538.5;1.13;0.0021;1130000
Feb262020;8800.3;9317.1;9368.1;8672;1.32;-0.0555;1320000
Feb252020;9317.2;9662.6;9672.3;9269.8;937.97;-0.0357;937970
Feb242020;9662.7;9943.2;9981;9507;980;-0.0282;980000
Feb232020;9942.7;9655.6;9965.6;9653.4;775.88;0.0297;775880
Feb222020;9655.7;9684.5;9706.5;9569.8;589.88;-0.003;589880
Feb212020;9684.5;9602.2;9747.1;9574.5;716.61;0.0085;716610
Feb202020;9602.4;9611.9;9681.4;9448.9;870.8;-0.0007;870800
Feb192020;9609.4;10158.6;10230.9;9424.3;905.95;-0.054;905950
Feb182020;10158.4;9701.5;10230.1;9601.6;945.91;0.0471;945910
Feb172020;9701.4;9931.7;9951.5;9468.9;961.88;-0.0232;961880
Feb162020;9932.3;9907.4;10056.4;9654.9;808.91;0.0025;808910
Feb152020;9907.7;10336;10369.8;9831.7;808.81;-0.0412;808810
Feb142020;10333;10235.5;10372.4;10125.2;732.51;0.0096;732510
Feb132020;10235.1;10321.9;10482.6;10116.9;940.3;-0.008;940300
Feb122020;10317.7;10229.3;10435.6;10229.3;803.25;0.0086;803250
Feb112020;10229.5;9854;10314.1;9725.1;791.28;0.0381;791280
Feb102020;9854.1;10151.5;10181.7;9774.8;781.22;-0.0293;781220
Feb092020;10151.5;9895.4;10157.1;9882.7;617.35;0.0259;617350
Feb082020;9895.5;9817.3;9931.2;9673.2;551.31;0.0078;551310
Feb072020;9818.6;9771.9;9872.5;9738.7;608.96;0.0048;608960
Feb062020;9772;9611.8;9854.9;9536.1;778.67;0.0167;778670
Feb052020;9611.8;9194.1;9726.8;9179.9;771.46;0.0454;771460
Feb042020;9193.9;9296.5;9347.5;9193.9;651.68;-0.011;651680
Feb032020;9296.6;9334.6;9582.8;9243.1;701.39;-0.0041;701390
Feb022020;9334.9;9381.5;9465.4;9183.1;683.37;-0.005;683370
Feb012020;9381.6;9349.3;9458.8;9301.5;458.42;0.0035;458420
Jan312020;9349.1;9508.3;9525;9222.3;633.37;-0.0166;633370
Jan302020;9507.3;9299.1;9569;9209.2;765.21;0.0224;765210
Jan292020;9298.9;9377.3;9428.7;9250.9;749.88;-0.0084;749880
Jan282020;9377.3;8866.6;9389.5;8866.6;954.2;0.0576;954200
Jan272020;8866.6;8608.1;8983.1;8585.6;706.45;0.0301;706450
Jan262020;8607.8;8341.6;8607.8;8304.9;468.34;0.0319;468340
Jan252020;8341.6;8439.9;8447.6;8277.2;444;-0.0117;444000
Jan242020;8439.9;8404.9;8522;8242.6;617.02;0.0041;617020
Jan232020;8405.1;8678.5;8687.3;8309.6;722.67;-0.0315;722670
Jan222020;8678.5;8733;8805.4;8610.8;509.06;-0.0062;509060
Jan212020;8732.6;8642;8770.3;8524;540.2;0.0105;540200
Jan202020;8641.9;8705.7;8740.1;8539.2;599.06;-0.0074;599060
Jan192020;8706.2;8916.3;9183.7;8552.8;975.01;-0.0236;975010
Jan182020;8916.3;8913;8982.3;8814.6;627.74;0.0004;627740
Jan172020;8913.1;8726.7;9005.1;8675.9;794.11;0.0213;794110
Jan162020;8726.9;8818.1;8850;8605.8;748.32;-0.0104;748320
Jan152020;8818.3;8827.9;8904;8615.5;1.17;-0.0012;1170000
Jan142020;8829.2;8111.2;8898.7;8111.2;1.48;0.0885;1480000
Jan132020;8111.4;8188.3;8196.7;8068.4;610.66;-0.0093;610660
Jan122020;8187.6;8023.3;8189.9;7973.1;595.22;0.0204;595220
Jan112020;8024.1;8187.8;8262.9;8008.4;776.75;-0.0199;776750
Jan102020;8187.1;7842.5;8187.4;7697.7;1.05;0.044;1050000
Jan092020;7842.4;8060;8065.9;7779.2;786.5;-0.027;786500
Jan082020;8059.6;8154.2;8436.4;7900.8;1.19;-0.0118;1190000
Jan072020;8155.7;7759.1;8182;7754.1;1.01;0.0511;1010000
Jan062020;7759.1;7372.6;7783.1;7366.7;786.75;0.0524;786750
Jan052020;7372.5;7376.8;7501;7345.6;628.14;-0.0006;628140
Jan042020;7376.8;7345.1;7433.1;7291.4;523.91;0.0046;523910
Jan032020;7343.1;6967.1;7402.9;6884.1;936.29;0.054;936290
Jan022020;6967;7199.7;7209.6;6901.4;632.78;-0.0323;632780
Jan012020;7199.8;7196.4;7259.4;7180;420.28;0.0005;420280
Dec312019;7196.4;7261.5;7331;7167.4;586.6;-0.009;586600
Dec302019;7261.8;7397.5;7420.9;7244.1;606.11;-0.0184;606110
Dec292019;7397.5;7321.6;7518.9;7303;611.69;0.0104;611690
Dec282019;7321.5;7261.9;7375.9;7256.5;610.96;0.0082;610960
Dec272019;7261.7;7210.8;7293.8;7128.5;718.07;0.007;718070
Dec262019;7210.9;7225;7414.3;7177.3;795.09;-0.0019;795090
Dec252019;7224.8;7268.3;7542.4;7150.9;625.41;-0.006;625410
Dec242019;7268.3;7322.4;7433.2;7185.7;785.54;-0.0074;785540
Dec232019;7322.8;7496.2;7684;7276.2;952.16;-0.0231;952160
Dec222019;7495.8;7156.3;7501.1;7142;677.94;0.0474;677940
Dec212019;7156.2;7196.4;7197.6;7129.6;468.74;-0.0056;468740
Dec202019;7196.4;7165.5;7218.4;7107.7;627.04;0.0043;627040
Dec192019;7165.5;7276.4;7354;7039.3;778.72;-0.0152;778720
Dec182019;7276;6613.5;7387.7;6462.2;1.14;0.1002;1140000
Dec172019;6613.3;6903.5;6943.5;6575;894.55;-0.042;894550
Dec162019;6903.5;7128.5;7153.1;6864.6;689.56;-0.0316;689560
Dec152019;7128.5;7080.8;7175.8;7033.8;492.58;0.0067;492580
Dec142019;7080.8;7255.2;7267.4;7043.3;524.56;-0.024;524560
Dec132019;7255.2;7208.4;7288;7200.3;503.49;0.0065;503490
Dec122019;7208;7208;7272.4;7124.6;611.8;0;611800
Dec112019;7208;7235.8;7284.4;7168.8;518.4;-0.0038;518400
Dec102019;7235.7;7356.2;7400.3;7192.1;609.5;-0.0163;609500
Dec092019;7355.8;7524.8;7626;7321.6;648.66;-0.0224;648660
Dec082019;7524.4;7510.8;7576.4;7416.7;499.04;0.0018;499040
Dec072019;7510.9;7530.4;7595.7;7489.6;557.14;-0.0026;557140
Dec062019;7530.8;7399.2;7552.1;7329.8;706.1;0.0178;706100
Dec052019;7399.2;7204.6;7476.3;7184;780.78;0.027;780780
Dec042019;7204.4;7291.9;7702.2;7113.6;971.75;-0.012;971750
Dec032019;7291.8;7298.1;7389.4;7227.1;548.77;-0.0009;548770
Dec022019;7298.2;7395.9;7433.8;7173.6;687.78;-0.0133;687780
Dec012019;7396.4;7546.5;7546.5;7244.4;777;-0.0199;777000
Nov302019;7546.6;7742.7;7787.7;7472.7;650.6;-0.0253;650600
Nov292019;7742.7;7426.6;7825.3;7412.3;766.71;0.0426;766710
Nov282019;7426.7;7510.6;7639.5;7380.6;737.58;-0.0112;737580
Nov272019;7510.6;7162.8;7636.9;6875.4;996.49;0.0486;996490
Nov262019;7162.8;7115.5;7329.5;7045.1;844.27;0.0066;844270
Nov252019;7115.6;6924.7;7352.8;6534.8;1.29;0.0276;1290000
Nov242019;6924.7;7325;7344.1;6894.9;904.5;-0.0545;904500
Nov232019;7324.1;7271.6;7342.5;7093.7;783.18;0.0071;783180
Nov222019;7272.5;7627.9;7700.9;6818.5;1.41;-0.0466;1410000
Nov212019;7627.9;8099.4;8129.6;7519.7;891.5;-0.0582;891500
Nov202019;8099.3;8145.7;8223;8074.2;607.27;-0.0057;607270
Nov192019;8145.7;8207.7;8245.6;8032.8;654.27;-0.0076;654270
Nov182019;8208.4;8510.3;8516.3;8110.4;692.6;-0.0354;692600
Nov172019;8509.8;8497.4;8631.7;8413;531.22;0.0015;531220
Nov162019;8497.3;8476.2;8532.8;8450.7;471.16;0.0025;471160
Nov152019;8476.3;8660.8;8761.8;8437.1;653.71;-0.0213;653710
Nov142019;8661.2;8782.9;8799.8;8615.8;515.43;-0.0139;515430
Nov132019;8783.1;8813.2;8829.7;8721.1;454.33;-0.0033;454330
Nov122019;8812.6;8737.4;8841.2;8615.7;575.16;0.0087;575160
Nov112019;8736.9;9036.9;9066.4;8649.4;601.16;-0.0332;601160
Nov102019;9036.8;8804.7;9092.9;8763.5;581.57;0.0264;581570
Nov092019;8804.5;8778.1;8877.5;8746.9;512.02;0.003;512020
Nov082019;8778.2;9223.6;9254.8;8722.4;791.79;-0.0483;791790
Nov072019;9223.5;9339.2;9367;9130;603.54;-0.0124;603540
Nov062019;9338.9;9311.2;9424.6;9262.7;578.03;0.003;578030
Nov052019;9310.8;9396.1;9452.7;9193.9;653.42;-0.0091;653420
Nov042019;9396.4;9198.7;9500.4;9134.1;681.01;0.0215;681010
Nov032019;9198.3;9300.5;9359.1;9095;536.56;-0.011;536560
Nov022019;9300.6;9230.3;9356.7;9201.2;570.74;0.0076;570740
Nov012019;9230.1;9153.1;9270.4;9057.2;689.65;0.0085;689650
Oct312019;9152.6;9157.9;9378.9;8959.6;798.93;-0.0006;798930
Oct302019;9157.9;9411.3;9411.3;9018.4;789.73;-0.0269;789730
Oct292019;9411.3;9206.5;9531.3;9125.3;918.48;0.0222;918480
Oct282019;9207.2;9530.1;9866.9;9202.5;1.04;-0.0338;1040000
Oct272019;9529.6;9230.6;9773.2;9081;1.16;0.0324;1160000
Oct262019;9230.6;8658.4;10540;8061.8;1.78;0.0661;1780000
Oct252019;8658.3;7422.8;8697.7;7404.9;1.18;0.1665;1180000
Oct242019;7422.7;7476.8;7501.5;7366.3;586.49;-0.0073;458420
Oct232019;7477;8031;8055;7329.2;892.08;-0.069;633370
Oct222019;8031.4;8207.4;8289.1;8017.7;570.39;-0.0215;765210
Oct212019;8208.2;8224.1;8315.3;8155.7;489.4;-0.0018;749880
Oct202019;8223.4;7957.4;8288.5;7889.6;513.91;0.0334;954200
Oct192019;7957.3;7948.3;8060.2;7892.4;428.83;0.0011;706450
Oct182019;7948.5;8073.3;8116.4;7842;505.79;-0.0155;468340
Oct172019;8073.3;8000.4;8118.2;7944.4;444.95;0.0091;444000
Oct162019;8000.4;8167.1;8185.9;7929.8;538.92;-0.0204;617020
Oct152019;8167.2;8353.4;8400.2;8139.5;469.73;-0.0223;722670
Oct142019;8353.3;8281.3;8374.3;8222.2;505.02;0.0087;509060
Oct132019;8281.5;8304.3;8450.2;8190.6;419.87;-0.0028;540200
Oct122019;8304.4;8267.6;8394.8;8260.9;424.02;0.0044;599060
Oct112019;8267.8;8562.2;8751.1;8249.7;667.86;-0.0344;975010
Oct102019;8562.3;8566.8;8638.5;8438.7;511.46;-0.0005;627740
Oct092019;8566.7;8180.1;8655.9;8122.7;636.43;0.0469;794110
Oct082019;8182.9;8198.5;8323.1;8118.1;469.04;-0.0019;748320
Oct072019;8198.6;7882.6;8293.5;7797;604.74;0.0402;1170
Oct062019;7881.9;8127.3;8145.5;7834.9;448.8;-0.0302;1480
Oct052019;8127.3;8148;8185.1;8030.6;360.92;-0.0025;610660
Oct042019;8148.1;8227.6;8233.6;8041.4;416.92;-0.0096;595220
Oct032019;8226.9;8363.6;8391.7;8090.1;460.97;-0.0164;776750
Oct022019;8364.1;8302.7;8374;8167.7;405.86;0.0074;1050
Oct012019;8302.7;8285;8486.2;8187.9;533.95;0.0022;786500
Sep302019;8284.3;8048.9;8318.5;7749;600.26;0.0292;1190
Sep292019;8049.1;8208;8226.8;7922.1;418.48;-0.0194;1010
Sep282019;8208.5;8184.5;8297.2;8031.1;457.79;0.0029;786750
Sep272019;8184.9;8063.8;8257.4;7882.1;561.4;0.015;628140
Sep262019;8063.8;8432.5;8463.1;7773.6;731.03;-0.0437;523910
Sep252019;8432.4;8512.3;8729.8;8245.1;696.11;-0.0096;936290
Sep242019;8513.9;9702.7;9793.8;8069.4;933.16;-0.1225;632780
Sep232019;9702.2;10031.3;10048.8;9656.3;431.1;-0.0328;420280
Sep222019;10031.6;9993;10075;9870.9;337.06;0.0039;586600
Sep212019;9993;10172.8;10177.9;9939.8;326.17;-0.0177;606110
Sep202019;10172.7;10251.5;10279.5;10088.6;362.07;-0.0076;611690
Sep192019;10250.5;10164.6;10297.6;9707.6;542.25;0.0084;610960
Sep182019;10164.7;10195.7;10257.5;10119.3;318.82;-0.003;718070
Sep172019;10195.7;10254.6;10273.6;10153.5;321.64;-0.0058;795090
Sep162019;10255.5;10311.3;10360.5;10108.5;372.53;-0.0054;625410
Sep152019;10311.5;10337.3;10360.4;10272;255.79;-0.0025;785540
Sep142019;10337.3;10342.2;10421.4;10253.7;326.44;-0.0005;952160
Sep132019;10342.1;10415.2;10441.4;10174.1;365.52;-0.007;677940
Sep122019;10415.1;10162.4;10447.9;10051;413.22;0.0249;468740
Sep112019;10162.5;10104.9;10257.5;9908.9;413.06;0.0057;627040
Sep102019;10105.4;10308.7;10379.8;9970.7;383.22;-0.0198;778720
Sep092019;10309;10402.1;10478;10095.7;473.76;-0.009;1140
Sep082019;10402.8;10461.6;10578;10266.3;339.73;-0.0056;894550
Sep072019;10461.1;10306.9;10556.4;10302.3;393.57;0.0147;689560
Sep062019;10309.3;10566.7;10896.2;10227.4;643.02;-0.0244;492580
Sep052019;10566.9;10567.8;10630.7;10469.9;402.09;-0.0001;524560
Sep042019;10568.2;10611.6;10783.6;10388.6;504.45;-0.0042;503490
Sep032019;10612.3;10348.1;10756.8;10283.5;578.79;0.0255;611800
Sep022019;10348.8;9728.8;10431.5;9720.3;542.79;0.0637;518400
Sep012019;9729.3;9594.7;9799.5;9533.6;322.66;0.0141;609500
Aug312019;9594.4;9585.5;9677.5;9457.3;311.49;0.0009;648660
Aug302019;9585.4;9494.1;9675.7;9370.2;413.92;0.0099;499040
Aug292019;9491;9729.1;9729.1;9343;509.13;-0.0245;557140
Aug282019;9729.4;10184.7;10271.3;9629.6;580.29;-0.0447;706100
Aug272019;10184.8;10372.2;10387.6;10060.2;419.81;-0.018;780780
Aug262019;10371.8;10136;10568.2;10136;568.77;0.0232;971750
Aug252019;10136.3;10132.1;10307;9935.2;422.53;0.0005;548770
Aug242019;10131;10389.4;10415.9;9917.5;463.85;-0.0248;687780
Aug232019;10388.7;10104.9;10434.3;9921.4;436.26;0.0281;777000
Aug222019;10105;10141.1;10218.2;9777;520.75;-0.0036;650600
Aug212019;10141.5;10753.3;10797.8;9908;717.65;-0.0568;766710
Aug202019;10752.6;10911.2;10941.6;10581;515.47;-0.0145;737580
Aug192019;10910.7;10312.8;10923.9;10267.8;519.01;0.058;996490
Aug182019;10312.7;10219.3;10494.9;10086.7;441.11;0.0093;844270
Aug172019;10218.1;10335.5;10460.7;10016.3;497.77;-0.0114;1290
Aug162019;10335.6;10300.9;10734;9788.6;798.67;0.0031;904500
Aug152019;10303.4;10053.3;10448.2;9580.1;930.05;0.0253;783180
Aug142019;10049.4;10894.2;10894.5;9965.5;745.59;-0.0774;1410
Aug132019;10892.9;11395;11445.6;10793.2;540.78;-0.044;891500
Aug122019;11394.2;11505.1;11508.6;11267.3;391.08;-0.0107;607270
Aug112019;11517.2;11314.6;11728.4;11146.1;435.83;0.0179;654270
Aug102019;11314.5;12090.5;12185;11281.6;570.74;-0.0641;692600
Aug092019;12089.8;12190;12225.3;11885;558.72;-0.0084;531220
Aug082019;12191.6;12015.9;12236.6;11727;592.15;0.0148;471160
Aug072019;12013.9;11481;12114.5;11406.4;702.85;0.0464;653710
Aug062019;11480.9;11817.6;12291.9;11237;807.58;-0.0284;515430
Aug052019;11816.8;10934.8;11922.3;10934.8;769.63;0.0807;454330
Aug042019;10934.6;10816.1;11017.7;10568.8;585.71;0.011;575160
Aug032019;10815.7;10519.9;10893.6;10504.5;508.75;0.0281;601160
Aug022019;10520.1;10380.5;10664.8;10330.5;578.29;0.0135;581570
Aug012019;10380;10081.9;10459;9890.6;608.37;0.0296;512020
Jul312019;10082;9580.3;10100;9562.4;589.84;0.0523;791790
Jul302019;9580.7;9580;9703;9483;511.51;0;603540
Jul292019;9580.9;9728.5;9835.4;9502.5;510.9;-0.0151;578030
Jul282019;9727.8;9491.1;9798.5;9401.1;518.59;0.0248;653420
Jul272019;9492.1;9830.4;10232.3;9389.1;661.89;-0.0345;681010
Jul262019;9831;9945.2;10436.1;9724.2;493.75;-0.0115;536560
Jul252019;9945.3;9804.7;10203.5;9776.6;545.85;0.0144;570740
Jul242019;9804.3;9887.2;9945.3;9584;639.54;-0.0085;689650
Jul232019;9888.7;10412.8;10414.7;9865.4;663.38;-0.0503;798930
Jul222019;10412.5;10715.1;10806.3;10196.5;591.27;-0.0282;789730
Jul212019;10714.4;10827;10883.8;10442.5;562.17;-0.0104;918480
Jul202019;10826.7;10571.9;11155.6;10462;668.94;0.0241;1040
Jul192019;10571.5;10651.6;10758.4;10160.7;727.79;-0.0075;1160
Jul182019;10651.4;9723.1;10787.1;9390;974.49;0.0955;1780
Jul172019;9723.2;9425.1;9983.6;9082.6;1.03;0.0317;1030000
Jul162019;9424.8;10844;11019.5;9375.3;1.05;-0.131;1050000
Jul152019;10845.9;10199.9;11064.7;9885.4;956.52;0.0633;956520
Jul142019;10200.1;11364.3;11448.7;10128.9;840.76;-0.1025;840760
Jul132019;11364.9;11762.8;11798.4;10839.4;747.71;-0.0338;747710
Jul122019;11762.1;11343.7;11881.4;11109.8;738.17;0.037;738170
Jul112019;11342.3;12111.6;12111.6;11029;943.13;-0.0634;943130
Jul102019;12110.6;12542.8;13134.4;11594.9;1.11;-0.0344;1110000
Jul092019;12541.5;12250.6;12772.9;12111.2;847.84;0.0236;847840
Jul082019;12252.6;11415.8;12332.3;11304.8;695.6;0.0733;695600
Jul072019;11415.9;11267.9;11524.6;11108.1;601.93;0.0131;601930
Jul062019;11268;10969.8;11650.2;10967.9;688.96;0.0271;688960
Jul052019;10970.2;11159.7;11381.8;10810.3;772.67;-0.0173;772670
Jul042019;11163.1;11899.3;11948;11087.1;840.34;-0.062;840340
Jul032019;11900.8;10835.9;11931.8;10835.9;998.73;0.0983;998730
Jul022019;10835.9;10615.5;10923.5;9728.5;1.12;0.0207;1120000
Jul012019;10616.6;10821.4;11254.5;10041.6;1.04;-0.0187;1040000
Jun302019;10818.6;11906;12179.3;10765.4;880.77;-0.0914;880770
Jun292019;11906.5;12408;12422.9;11490.8;834.62;-0.0405;834620
Jun282019;12409.1;11288.4;12461.8;10970.5;1.09;0.0993;1090000
Jun272019;11287.8;13062.4;13422;10493.5;1.59;-0.1359;1590000
Jun262019;13063.8;11811.6;13929.8;11747.3;1.48;0.1062;1480000
Jun252019;11809.9;11046.6;11833.9;11033.7;781.09;0.0691;781090
Jun242019;11046.4;10897.3;11114.4;10622.6;566.96;0.0137;566960
Jun232019;10897.1;10721.5;11361.3;10557.8;683.79;0.0164;683790
Jun222019;10721.7;10178.1;11160.5;10031.3;1.09;0.0533;1090000
Jun212019;10179.3;9517.7;10184.3;9517.4;769.12;0.0696;769120
Jun202019;9517;9255;9583.9;9188.4;693.62;0.0283;693620
Jun192019;9255.4;9080.7;9295.1;9044;587.57;0.0193;587570
Jun182019;9080.6;9318.9;9336.1;8962.7;723.17;-0.0256;723170
Jun172019;9318.8;8961;9438.1;8959.8;738.8;0.0398;738800
Jun162019;8962.5;8812.2;9332;8771.1;849.77;0.017;849770
Jun152019;8812.5;8655.8;8856.7;8582.3;608.69;0.0181;608690
Jun142019;8656.1;8218.6;8685.3;8153.2;643.17;0.0532;643170
Jun132019;8219;8132.4;8306.1;8028.6;574.21;0.0106;574210
Jun122019;8133.1;7888;8198.1;7805.8;607.89;0.0311;607890
Jun112019;7888;7987.8;8010.4;7714.5;579;-0.0125;579000
Jun102019;7987.8;7635;8012.8;7523.6;641.38;0.0462;641380
Jun092019;7635;7901.6;7937.5;7516.9;554.48;-0.0337;554480
Jun082019;7901.4;7985.3;8044.4;7770.5;485.81;-0.0105;485810
Jun072019;7985.2;7785.8;8099.4;7749.4;588.87;0.0257;588870
Jun062019;7784.9;7779.6;7861.4;7480.4;651.82;0.0008;651820
Jun052019;7779.1;7685.6;7885;7590.4;762.94;0.0122;762940
Jun042019;7685.5;8118.1;8118.1;7494;966.95;-0.0541;966950
Jun032019;8124.8;8728.6;8734.9;8102.7;739.45;-0.0692;739450
Jun022019;8728.6;8545.8;8807.7;8534.8;614.54;0.0214;614540
Jun012019;8545.7;8556.9;8615.8;8454;686.75;-0.0015;686750
May312019;8558.3;8271.4;8578.8;8135;858.41;0.0346;858410
May302019;8271.9;8647.8;9045.9;8054.7;1.04;-0.0435;1040000
May292019;8647.8;8715.6;8747.2;8435.3;15.43;-0.0079;15430000
May282019;8716.3;8759.4;8794.1;8568.8;763.2;-0.005;763200
May272019;8760.1;8628.9;8902.8;8607.3;907.96;0.0151;907960
May262019;8630.2;8029.6;8718.6;7866.5;872.12;0.0751;872120
May252019;8027.4;7971.4;8090.1;7919.1;691.27;0.0072;691270
May242019;7970.1;7852.8;8124.1;7775.4;868.47;0.015;868470
May232019;7852.1;7637.2;7939.1;7486.8;815.14;0.0283;815140
May222019;7635.7;7928.7;7999;7545.9;821.4;-0.0372;821400
May212019;7930.3;7965;8056.8;7813.2;804.88;-0.0044;804880
May202019;7965.3;8156.4;8156.4;7604;958.81;-0.0235;958810
May192019;8157.2;7261.9;8253.4;7252.3;1.08;0.1232;1080000
May182019;7262.6;7359.9;7458.5;7189.4;865.53;-0.0132;865530
May172019;7359.5;7871.9;7924;6998.6;1.43;-0.0651;1430000
May162019;7871.8;8164.8;8293.3;7720.4;1.18;-0.0359;1180000
May152019;8164.6;7994.8;8225.3;7856.5;1.13;0.0213;1130000
May142019;7994.6;7806.4;8323.9;7674;1.33;0.0242;1330000
May132019;7806;6984.7;8058.3;6893.1;1.2;0.1176;1200000
May122019;6984.8;7190;7518.9;6802.6;1.35;-0.0286;1350000
May112019;7190.3;6386.6;7373.8;6386.5;1.31;0.1259;1310000
May102019;6386;6194.3;6466.6;6157.8;907.94;0.0314;907940
May092019;6191.5;5990.5;6206;5990;799.96;0.0336;799960
May082019;5990.3;5849.4;6011.3;5799.1;757.13;0.0241;757130
May072019;5849.5;5745.5;6019.8;5745.5;955.88;0.0182;955880
May062019;5745.1;5775.1;5801.4;5630.5;755.39;-0.0052;755390
May052019;5774.9;5830.8;5838.2;5708.2;709.02;-0.0096;709020
May042019;5830.9;5768;5899.2;5605;920.61;0.0111;920610
May032019;5766.8;5493.6;5844.2;5478.7;1.04;0.0497;1040000
May022019;5493.8;5384.6;5530.8;5370;722.23;0.0204;722230
May012019;5384.2;5321.1;5396.3;5319.5;623.64;0.0119;623640
Apr302019;5320.8;5235.4;5336.6;5195.9;697.42;0.0164;697420
Apr292019;5235;5302.4;5322.9;5188.9;775.82;-0.0127;775820
Apr282019;5302.3;5265.7;5332.5;5234.4;681.41;0.0069;681410
Apr272019;5265.9;5298.2;5318.1;5225.4;833.13;-0.0061;833130
Apr262019;5298.3;5209.2;5469.3;5159.3;1.03;0.0171;1030000
Apr252019;5209.1;5415.6;5528.2;5137.4;955.36;-0.0381;955360
Apr242019;5415.6;5511.2;5589.6;5346.8;994.04;-0.0174;994040
Apr232019;5511.6;5346.5;5594.4;5291.4;900;0.0308;900000
Apr222019;5346.7;5248.2;5370.2;5170.2;920.77;0.0197;920770
Apr212019;5243.5;5290.2;5308.2;5189.8;811.41;-0.0088;811410
Apr202019;5290.2;5241;5327;5240.2;782.32;0.0094;782320
Apr192019;5241;5264.8;5282.4;5192.1;787.09;-0.0045;787090
Apr182019;5264.7;5208.3;5293.1;5205;727.97;0.0108;727970
Apr172019;5208.3;5182.1;5230.9;5165.5;806.52;0.0053;806520
Apr162019;5180.9;5031.4;5198.4;5014.4;631.05;0.0295;631050
Apr152019;5032.3;5135.1;5168;4964.2;688.2;-0.02;688200
Apr142019;5134.8;5052;5153.5;5010.7;566.38;0.0164;566380
Apr132019;5051.8;5054.2;5093.4;5011.6;577.16;-0.0005;577160
Apr122019;5054.2;5022.7;5080.5;4889.2;779.14;0.0063;779140
Apr112019;5022.6;5307.7;5337;4948;943.49;-0.0537;943490
Apr102019;5307.8;5158.4;5404.1;5142.9;837.51;0.0289;837510
Apr092019;5158.4;5245;5245.9;5095.2;784.62;-0.0165;784620
Apr082019;5245.2;5173.5;5300.6;5060.5;928.23;0.0138;928230
Apr072019;5173.6;5046.1;5219.5;5033.7;841.27;0.0253;841270
Apr062019;5046.2;5010;5198.4;4947.9;952.18;0.0072;952180
Apr052019;5010.2;4902.5;5029.4;4888.3;851.72;0.022;851720
Apr042019;4902.4;4968.7;5042.5;4789.2;1.05;-0.0133;1050000
Apr032019;4968.7;4859.3;5278.4;4814;13.83;0.0225;13830000
Apr022019;4859.3;4145.1;4899.6;4143.5;14.77;0.1723;14770000
Apr012019;4145.1;4102.3;4159.1;4076.8;3.22;0.0104;3220000
Mar312019;4102.3;4111.8;4121.9;4082.2;2.43;-0.0023;2430000
Mar302019;4111.8;4103.7;4138.1;4057.1;2.55;0.0023;2550000
Mar292019;4102.2;4025.7;4123.1;4022.6;3.3;0.019;3300000
Mar282019;4025.6;4041.7;4041.7;4008.4;2.11;-0.004;2110000
Mar272019;4041.7;3942.8;4043.3;3936.2;2.78;0.0251;2780000
Mar262019;3942.8;3937.1;3950.7;3899.9;2.53;0.0015;2530000
Mar252019;3937;3994.8;4000.5;3897.9;2.86;-0.0144;2860000
Mar242019;3994.7;4002.6;4005.7;3967;2.04;-0.002;2040000
Mar232019;4002.5;3990.4;4018.2;3980.8;2;0.003;2000000
Mar222019;3990.4;3982.2;4005.7;3971.8;2.83;0.0021;2830000
Mar212019;3982.2;4041.2;4064;3923.8;3.88;-0.0146;3880000
Mar202019;4041.2;4017;4050;3985.3;3.18;0.006;3180000
Mar192019;4017;3990.2;4029.9;3972.4;2.99;0.0067;2990000
Mar182019;3990.2;3981.5;4032.3;3958.5;2.62;0.0022;2620000
Mar172019;3981.5;4006.4;4009.8;3956.3;1.87;-0.0062;1870000
Mar162019;4006.4;3924.4;4050.6;3923.7;3.46;0.0209;3460000
Mar152019;3924.3;3879;3935.7;3874.8;3.11;0.0117;3110000
Mar142019;3879;3865.1;3914.7;3828.4;2.86;0.0036;2860000
Mar132019;3865.1;3885.9;3894.7;3847.4;2.28;-0.0054;2280000
Mar122019;3886;3870.3;3900.1;3817.1;2.9;0.0041;2900000
Mar112019;3870.3;3915.2;3935.5;3842.4;3.19;-0.0115;3190000
Mar102019;3915.2;3944.4;3944.5;3889.2;1.89;-0.0074;1890000
Mar092019;3944.3;3865.6;3964;3859.7;2.48;0.0203;2480000
Mar082019;3865.9;3875.1;3929;3810.7;2.96;-0.0024;2960000
Mar072019;3875.1;3863.1;3907.4;3847.9;2.6;0.0032;2600000
Mar062019;3863;3857.2;3887.3;3816.7;2.52;0.0015;2520000
Mar052019;3857.2;3715.9;3873.2;3705.7;3.82;0.038;3820000
Mar042019;3715.9;3809.7;3828.4;3681.8;2.85;-0.0245;2850000
Mar032019;3809.5;3823.2;3836.6;3789.7;1.51;-0.0036;1510000
Mar022019;3823.1;3821.9;3843.2;3783.6;1.61;0.0003;1610000
Mar012019;3821.9;3816.7;3855.8;3816.4;1.74;0.0014;1740000
Feb282019;3816.6;3814.6;3883.7;3783.3;2.31;0.0005;2310000
Feb272019;3814.6;3810.3;3836.4;3701.9;2.82;0.0011;2820000
Feb262019;3810.3;3833.5;3845.5;3775;2.09;-0.0061;2090000
Feb252019;3833.7;3755.7;3870.7;3753.8;765.87;0.0209;765870
Feb242019;3755.2;4120.5;4194.2;3738.7;977.78;-0.0886;977780
Feb232019;4120.4;3965.2;4152.6;3939.4;727.85;0.0391;727850
Feb222019;3965.2;3937.4;3983.1;3931.7;649.55;0.0073;649550
Feb212019;3936.6;3972;4011.5;3909.2;668.16;-0.009;668160
Feb202019;3972.4;3914.3;3983.6;3881.2;698.01;0.0148;698010
Feb192019;3914.3;3896.4;3993.8;3863.7;1.44;0.0047;1440000
Feb182019;3896;3664.2;3903.7;3655.1;933.15;0.0633;933150
Feb172019;3664.2;3616.8;3689.9;3607.9;580.51;0.0131;580510
Feb162019;3616.8;3604.7;3641.9;3599.7;485.63;0.0034;485630
Feb152019;3604.7;3592.6;3648.3;3581.4;516.21;0.0034;516210
Feb142019;3592.6;3611.5;3624.5;3580.2;498.14;-0.0052;498140
Feb132019;3611.5;3632;3663.5;3599.2;558.02;-0.0056;558020
Feb122019;3632;3631.8;3656.4;3594.4;545.82;0.0001;545820
Feb112019;3631.8;3678.8;3681.1;3623.8;517.28;-0.0128;517280
Feb102019;3679;3661;3680.6;3617.1;501.9;0.0048;501900
Feb092019;3661.4;3661.6;3675.3;3633.2;454.8;-0.0001;454800
Feb082019;3661.7;3397.3;3721.1;3382.5;699.23;0.0777;699230
Feb072019;3397.7;3404.9;3421.8;3390.3;471.36;-0.002;471360
Feb062019;3404.3;3468.5;3478;3383.9;514.21;-0.0185;514210
Feb052019;3468.4;3463;3485.9;3450.3;460.95;0.0016;460950
Feb042019;3462.8;3459;3479.7;3437.1;503.92;0.0011;503920
Feb032019;3459.1;3502.3;3507.8;3431.3;451.66;-0.0124;451660
Feb022019;3502.5;3467.9;3514.5;3447.8;443.6;0.01;443600
Feb012019;3467.9;3437.7;3485.7;3415.3;481.58;0.009;481580
Jan312019;3437.2;3460;3484.7;3427;477.07;-0.0066;477070
Jan302019;3460;3414.6;3479;3394.2;600.25;0.0132;600250
Jan292019;3414.8;3442.8;3450.1;3368.2;585.46;-0.0081;585460
Jan282019;3442.8;3555.8;3561.2;3395.7;620.85;-0.0317;620850
Jan272019;3555.6;3570.9;3583.2;3509.2;464.02;-0.0043;464020
Jan262019;3570.9;3572;3652.5;3556.1;432.55;-0.0003;432550
Jan252019;3572;3574.3;3582.6;3542.2;448.89;-0.0006;448890
Jan242019;3574.3;3561.4;3587;3539.7;428.6;0.0036;428600
Jan232019;3561.5;3580.1;3608.3;3532.8;445.87;-0.0052;445870
Jan222019;3580.1;3536.9;3607.9;3465.2;447.7;0.0123;447700
Jan212019;3536.7;3542.7;3561.4;3505.4;394.17;-0.0016;394170
Jan202019;3542.3;3676.2;3699.1;3503.9;563.31;-0.0368;563310
Jan192019;3677.8;3605.8;3715.2;3604.1;537.06;0.02;537060
Jan182019;3605.6;3626.3;3627.9;3575.7;488.16;-0.0057;488160
Jan172019;3626.4;3588.1;3636.7;3554.8;525.1;0.0107;525100
Jan162019;3588;3570.6;3644.1;3561.4;487.34;0.0047;487340
Jan152019;3571.3;3637.5;3660.8;3545.7;544.85;-0.0184;544850
Jan142019;3638.1;3490.4;3672;3490.4;539.93;0.0424;539930
Jan132019;3490.2;3597.3;3617.6;3473.2;452.79;-0.0298;452790
Jan122019;3597.2;3616.6;3633.9;3561.3;435.06;-0.0053;435060
Jan112019;3616.5;3603.3;3655.7;3563.1;551.64;0.0035;551640
Jan102019;3603.7;3978.9;4007.7;3562.1;697.31;-0.0941;697310
Jan092019;3978;3971;4014.2;3957.5;473.42;0.0017;473420
Jan082019;3971;3985.8;4070.5;3943.1;514.08;-0.0037;514080
Jan072019;3985.9;4004.3;4028;3945.5;500.88;-0.0045;500880
Jan062019;4004.1;3785.7;4034.1;3758.5;529.89;0.0578;529890
Jan052019;3785.4;3802.8;3846.7;3769;468.45;-0.0046;468450
Jan042019;3802.7;3780.5;3823.9;3720;488.7;0.006;488700
Jan032019;3780.1;3874.1;3875.8;3753;450.32;-0.0242;450320
Jan022019;3873.8;3809.7;3894.8;3768.1;554.47;0.0169;554470
Jan012019;3809.4;3709.5;3814.3;3664.4;469.11;0.0269;469110
Dec312018;3709.4;3815.1;3819.6;3658.8;545.83;-0.0277;545830
Dec302018;3815;3708.2;3837.7;3682.5;519.17;0.0292;519170
Dec292018;3706.8;3861.6;3899.6;3696;505.41;-0.0401;505410
Dec282018;3861.6;3587.1;3900.3;3565.5;565.24;0.0766;565240
Dec272018;3586.9;3793.4;3822.6;3560.8;543.44;-0.0545;543440
Dec262018;3793.7;3762.8;3841.9;3680.3;567.11;0.0083;567110
Dec252018;3762.5;4025.6;4030.7;3676.5;670.94;-0.0655;670940
Dec242018;4026.1;3944.5;4208.2;3941.9;716.29;0.0207;716290
Dec232018;3944.4;3964.3;4037.1;3904.6;572.21;-0.005;572210
Dec222018;3964.4;3850.9;3977.2;3803.7;554.59;0.0295;554590
Dec212018;3850.9;4075.2;4153.1;3786.9;748.76;-0.0552;748760
Dec202018;4076;3687.2;4140.3;3665.8;958.58;0.1055;958580
Dec192018;3687.1;3668.1;3924.7;3647.5;792.4;0.0052;792400
Dec182018;3668;3526;3683.1;3456.9;698.53;0.0402;698530
Dec172018;3526.1;3248.3;3597.4;3243.1;534.78;0.0857;534780
